Fiyat (Metin),Fiyat (Sayisal),Konum,Last Update Date,Number Of Room + Hall,Number of Bathrooms,Gross / Net m²,Number of Floors,Floor,Property Age,Heating Type,Title Deed Status,Furnishing Status,Usage Status
3.400.000 TRY,3400000.0,kurucesme,18/10/2025,1 + 1,1.0,"55 m2 
/ 50 m2",5 Storey,4,1 at Age,Underfloor Heating,Condominium,Not Furnished,Empty
2.800.000 TRY,2800000.0,efeler,23/10/2025,3 + 1,1.0,"117 m2 
/ 90 m2",3 Storey,3,26 at Age,No Heating,Floor Easement,Not Furnished,Empty
7.150.000 TRY,7150000.0,menderes,21/10/2025,3 + 1,1.0,"213 m2 
/ 185 m2",4 Storey,Raised Ground,35 at Age,Combi Boiler,Condominium,Not Furnished,Owner
6.100.000 TRY,6100000.0,yildiz,22/09/2025,2 + 1,2.0,"105 m2 
/ 95 m2",10 Storey,Top,New Property,Combi Boiler,Floor Easement,Not Furnished,Tenanted
3.195.000 TRY,3195000.0,menderes,22/10/2025,2 + 1,1.0,"75 m2 
/ 65 m2",4 Storey,2,6 at Age,Combi Boiler,Condominium,Furnished,Empty
7.150.000 TRY,7150000.0,camlik,25/09/2025,3 + 1,2.0,"130 m2 
/ 120 m2",4 Storey,1,1 at Age,Combi Boiler,Floor Easement,Not Furnished,Empty
4.100.000 TRY,4100000.0,goksu,11/10/2025,2 + 1,2.0,"97 m2 
/ 94 m2",4 Storey,Middle,New Property,Combi Boiler,Floor Easement,Not Furnished,
2.750.000 TRY,2750000.0,hurriyet,04/09/2025,3 + 1,1.0,"115 m2 
/ 110 m2",2 Storey,Raised Ground,26 at Age,Combi Boiler,Floor Easement,Not Furnished,Empty
3.500.000 TRY,3500000.0,adatepe,06/10/2025,2 + 1,2.0,"100 m2 
/ 95 m2",4 Storey,4,5 at Age,Combi Boiler,Floor Easement,Not Furnished,Empty
2.425.000 TRY,2425000.0,ataturk,21/10/2025,1 + 1,1.0,"45 m2 
/ 40 m2",2 Storey,Raised Ground,4 at Age,Combi Boiler,Floor Easement,Furnished,Empty
4.700.000 TRY,4700000.0,efeler,22/10/2025,2 + 1,1.0,"100 m2 
/ 90 m2",5 Storey,3,40 at Age,Air Conditioning,Floor Easement,Not Furnished,Owner
4.450.000 TRY,4450000.0,yildiz,28/07/2025,2 + 1,1.0,"90 m2 
/ 85 m2",12 Storey,2,1 at Age,Combi Boiler,Floor Easement,Not Furnished,Tenanted
2.900.000 TRY,2900000.0,inonu,04/09/2025,1 + 1,1.0,"75 m2 
/ 65 m2",4 Storey,2,6 at Age,Floor Heater,Floor Easement,Not Furnished,Owner
5.650.000 TRY,5650000.0,vali-rahmi-bey,22/10/2025,3 + 1,1.0,"150 m2 
/ 140 m2",4 Storey,3,25 at Age,Combi Boiler,Condominium,Not Furnished,Empty
5.100.000 TRY,5100000.0,hurriyet,20/10/2025,3 + 1,2.0,"140 m2 
/ 135 m2",7 Storey,6,20 at Age,Combi Boiler,Condominium,,Owner
2.700.000 TRY,2700000.0,yaylacik,29/09/2025,1 + 1,1.0,"50 m2 
/ 45 m2",6 Storey,2,New Property,Combi Boiler,Floor Easement,Not Furnished,Empty
3.350.000 TRY,3350000.0,inkilap,12/10/2025,2 + 1,1.0,"95 m2 
/ 90 m2",4 Storey,4,26 at Age,Combi Boiler,Floor Easement,Not Furnished,Empty
2.400.000 TRY,2400000.0,adatepe,08/10/2025,1 + 1,1.0,"60 m2 
/ 40 m2",2 Storey,Ground,3 at Age,Air Conditioning,Floor Easement,Furnished,Tenanted
2.720.000 TRY,2720000.0,laleli,09/10/2025,1 + 1,1.0,"41 m2 
/ 36 m2",4 Storey,Middle,New Property,Combi Boiler,Floor Easement,Furnished,Empty
3.000.000 TRY,3000000.0,kurucesme,21/10/2025,1 + 1,1.0,"55 m2 
/ 45 m2",11 Storey,2,5 at Age,Underfloor Heating,Floor Easement,Furnished,Owner
4.000.000 TRY,4000000.0,yaylacik,23/10/2025,2 + 1,1.0,"90 m2 
/ 80 m2",2 Storey,2,New Property,Combi Boiler,Floor Easement,Not Furnished,Empty
4.500.000 TRY,4500000.0,hurriyet,19/10/2025,3 + 1,1.0,"125 m2 
/ 120 m2",3 Storey,3,11 at Age,Combi Boiler,Condominium,Not Furnished,Owner
2.750.000 TRY,2750000.0,goksu,22/10/2025,2 + 1,1.0,"114 m2 
/ 98 m2",4 Storey,Ground,25 at Age,Combi Boiler,Condominium,Not Furnished,Empty
3.695.000 TRY,3695000.0,yigitler,11/09/2025,3 + 1,,"138 m2 
/ 130 m2",5 Storey,3,33 at Age,Combi Boiler,Floor Easement,Not Furnished,Tenanted
1.415.000 TRY,1415000.0,ataturk,17/10/2025,2 + 1,1.0,"75 m2 
/ 70 m2",3 Storey,2,1 at Age,Combi Boiler,Floor Easement,Furnished,Empty
2.999.999 TRY,2999999.0,kurucesme,17/09/2025,2 + 1,1.0,"70 m2 
/ 65 m2",11 Storey,Raised Ground,New Property,Combi Boiler,Floor Easement,Not Furnished,Empty
2.380.000 TRY,2380000.0,adatepe,18/10/2025,1 + 1,1.0,"65 m2 
/ 50 m2",3 Storey,Raised Ground,1 at Age,Air Conditioning,Condominium,Furnished,Empty
2.475.000 TRY,2475000.0,adatepe,14/10/2025,1 + 1,1.0,"62 m2 
/ 57 m2",5 Storey,3,2 at Age,Combi Boiler,Floor Easement,Furnished,Empty
2.150.000 TRY,2150000.0,kurucesme,23/10/2025,1 + 1,1.0,"55 m2 
/ 50 m2",3 Storey,Underground 1,New Property,Air Conditioning,Floor Easement,Furnished,Empty
3.750.000 TRY,3750000.0,adatepe,18/10/2025,2 + 1,1.0,"80 m2 
/ 70 m2",5 Storey,2,4 at Age,Air Conditioning,Floor Easement,Furnished,Empty
3.500.000 TRY,3500000.0,guven,27/09/2025,3 + 1,1.0,"120 m2 
/ 110 m2",4 Storey,2,25 at Age,Combi Boiler,Floor Easement,,Owner
1.360.000 TRY,1360000.0,buca-koop,17/10/2025,1 + 1,1.0,"50 m2 
/ 40 m2",5 Storey,3,1 at Age,Combi Boiler,Floor Easement,Furnished,Empty
4.000.000 TRY,4000000.0,kozagac,14/10/2025,3 + 1,,"111 m2 
/ 101 m2",3 Storey,Raised Ground,7 at Age,Combi Boiler,Floor Easement,Not Furnished,Tenanted
2.400.000 TRY,2400000.0,ataturk,08/10/2025,1 + 1,1.0,"50 m2 
/ 45 m2",2 Storey,Ground,7 at Age,Air Conditioning,Floor Easement,Furnished,Tenanted
1.115.000 TRY,1115000.0,kurucesme,20/10/2025,1 + 1,1.0,"55 m2 
/ 50 m2",4 Storey,1,New Property,Air Conditioning,Floor Easement,Furnished,Empty
1.100.000 TRY,1100000.0,ataturk,04/10/2025,1 + 1,1.0,"55 m2 
/ 51 m2",4 Storey,3,New Property,Combi Boiler,Floor Easement,Furnished,Empty
1.440.000 TRY,1440000.0,adatepe,19/10/2025,2 + 1,1.0,"85 m2 
/ 80 m2",4 Storey,2,1 at Age,Combi Boiler,Condominium,Furnished,Empty
4.650.000 TRY,4650000.0,adatepe,31/08/2025,3 + 1,2.0,"150 m2 
/ 135 m2",4 Storey,1,26 at Age,Combi Boiler,Floor Easement,Not Furnished,Empty
3.599.999 TRY,3599999.0,yildiz,12/10/2025,2 + 1,1.0,"90 m2 
/ 80 m2",3 Storey,3,New Property,Combi Boiler,Condominium,Not Furnished,Owner
3.250.000 TRY,3250000.0,kurucesme,17/10/2025,1 + 1,1.0,"73 m2 
/ 59 m2",4 Storey,4,5 at Age,Air Conditioning,Condominium,Not Furnished,Empty
2.550.000 TRY,2550000.0,ataturk,16/10/2025,1 + 1,1.0,"60 m2 
/ 55 m2",3 Storey,Garden,New Property,Air Conditioning,Floor Easement,Furnished,Tenanted
2.950.000 TRY,2950000.0,goksu,23/10/2025,3 + 1,2.0,"130 m2 
/ 120 m2",5 Storey,4,16 at Age,Combi Boiler,Condominium,Not Furnished,Owner
2.300.000 TRY,2300000.0,yildiz,15/10/2025,1 + 1,1.0,"55 m2 
/ 50 m2",4 Storey,2,4 at Age,Combi Boiler,Condominium,Furnished,Tenanted
6.800.000 TRY,6800000.0,yildiz,20/10/2025,3 + 1,1.0,"140 m2 
/ 130 m2",8 Storey,8,9 at Age,Combi Boiler,Condominium,Not Furnished,
4.900.000 TRY,4900000.0,yigitler,18/10/2025,2 + 1,1.0,"102 m2 
/ 100 m2",4 Storey,Raised Ground,32 at Age,Combi Boiler,Floor Easement,Not Furnished,Empty
3.700.000 TRY,3700000.0,yigitler,29/09/2025,2 + 1,1.0,"85 m2 
/ 75 m2",5 Storey,4,21 at Age,Combi Boiler,Floor Easement,Not Furnished,Owner
3.150.000 TRY,3150000.0,firat,08/10/2025,2 + 1,1.0,"70 m2 
/ 65 m2",3 Storey,2,7 at Age,Combi Boiler,Floor Easement,Not Furnished,
4.150.000 TRY,4150000.0,menderes,15/10/2025,2 + 1,1.0,"80 m2 
/ 75 m2",5 Storey,1,New Property,Combi Boiler,Condominium,Not Furnished,Tenanted
2.800.000 TRY,2800000.0,buca-koop,13/10/2025,2 + 1,1.0,"80 m2 
/ 70 m2",2 Storey,2,5 at Age,Combi Boiler,Condominium,Furnished,Empty
6.500.000 TRY,6500000.0,ataturk,22/10/2025,3 + 1,1.0,"145 m2 
/ 135 m2",7 Storey,7,16 at Age,Combi Boiler,Condominium,Not Furnished,Empty
4.750.000 TRY,4750000.0,ataturk,19/10/2025,1 + 1,1.0,"55 m2 
/ 50 m2",4 Storey,3,New Property,Combi Boiler,Floor Easement,Not Furnished,Empty
2.350.000 TRY,2350000.0,yildiz,13/10/2025,1 + 1,1.0,"42 m2 
/ 37 m2",2 Storey,2,4 at Age,Combi Boiler,Floor Easement,Furnished,Empty
8.500.000 TRY,8500000.0,camlikule,25/09/2025,2 + 1,2.0,"97 m2 
/ 90 m2",9 Storey,8,1 at Age,Underfloor Heating,Floor Easement,Furnished,Owner
2.850.000 TRY,2850000.0,adatepe,21/10/2025,2 + 1,1.0,"78 m2 
/ 68 m2",3 Storey,Raised Ground,11 at Age,Air Conditioning,Floor Easement,Furnished,Tenanted
3.600.000 TRY,3600000.0,kurucesme,17/10/2025,1 + 1,1.0,"75 m2 
/ 40 m2",11 Storey,4,New Property,Central Heating (Share Meter),Floor Easement,Not Furnished,Empty
2.530.000 TRY,2530000.0,yildiz,15/09/2025,1 + 1,1.0,"59 m2 
/ 52 m2",4 Storey,2,New Property,Combi Boiler,Floor Easement,Furnished,Tenanted
4.750.000 TRY,4750000.0,laleli,20/10/2025,2 + 1,1.0,"75 m2 
/ 65 m2",4 Storey,2,New Property,Underfloor Heating,Floor Easement,Not Furnished,Empty
3.950.000 TRY,3950000.0,vali-rahmi-bey,15/10/2025,3 + 1,1.0,"145 m2 
/ 130 m2",3 Storey,3,31 at Age,Combi Boiler,Condominium,Not Furnished,Owner
3.100.000 TRY,3100000.0,kurucesme,22/10/2025,1 + 1,1.0,"55 m2 
/ 45 m2",4 Storey,2,5 at Age,Air Conditioning,Condominium,Furnished,Empty
2.725.000 TRY,2725000.0,ataturk,24/09/2025,1 + 1,1.0,"45 m2 
/ 40 m2",3 Storey,2,8 at Age,Air Conditioning,Floor Easement,Furnished,Empty
2.495.000 TRY,2495000.0,ufuk,02/10/2025,1 + 1,1.0,"48 m2 
/ 45 m2",3 Storey,2,2 at Age,Combi Boiler,Floor Easement,Furnished,Tenanted
3.950.000 TRY,3950000.0,kozagac,21/10/2025,3 + 1,1.0,"130 m2 
/ 125 m2",4 Storey,3,22 at Age,Combi Boiler,Condominium,Not Furnished,Empty
7.600.000 TRY,7600000.0,hurriyet,24/09/2025,3 + 1,1.0,"160 m2 
/ 145 m2",4 Storey,Raised Ground,7 at Age,Combi Boiler,Condominium,Not Furnished,Empty
4.450.000 TRY,4450000.0,camlik,20/10/2025,3 + 1,2.0,"112 m2 
/ 102 m2",5 Storey,Raised Ground,7 at Age,Combi Boiler,Floor Easement,Not Furnished,Empty
3.900.000 TRY,3900000.0,efeler,23/10/2025,2 + 1,1.0,"95 m2 
/ 88 m2",3 Storey,3,25 at Age,Combi Boiler,Floor Easement,Not Furnished,Owner
2.950.000 TRY,2950000.0,hurriyet,18/10/2025,1 + 1,1.0,"55 m2 
/ 50 m2",4 Storey,2,1 at Age,Underfloor Heating,Condominium,Not Furnished,Empty
2.650.000 TRY,2650000.0,ataturk,16/10/2025,1 + 1,1.0,"45 m2 
/ 40 m2",3 Storey,2,New Property,Combi Boiler,Floor Easement,Not Furnished,Tenanted
6.100.000 TRY,6100000.0,guven,21/10/2025,3 + 1,1.0,"135 m2 
/ 120 m2",4 Storey,3,1 at Age,Underfloor Heating,Floor Easement,Not Furnished,Empty
5.100.000 TRY,5100000.0,ufuk,26/08/2025,2 + 1,1.0,"181 m2 
/ 165 m2",5 Storey,Garden,5 at Age,Combi Boiler,Floor Easement,Furnished,Owner
2.900.000 TRY,2900000.0,yenigun,10/10/2025,2 + 1,1.0,"90 m2 
/ 85 m2",3 Storey,3,16 at Age,Combi Boiler,Condominium,Not Furnished,Tenanted
3.100.000 TRY,3100000.0,firat,22/10/2025,2 + 1,1.0,"116 m2 
/ 100 m2",3 Storey,Ground,21 at Age,No Heating,Condominium,Not Furnished,Empty
6.350.000 TRY,6350000.0,buca-koop,14/10/2025,3 + 1,2.0,"135 m2 
/ 125 m2",9 Storey,2,1 at Age,Combi Boiler,Floor Easement,Not Furnished,Empty
3.500.000 TRY,3500000.0,firat,22/10/2025,3 + 1,1.0,"135 m2 
/ 125 m2",4 Storey,Raised Ground,16 at Age,No Heating,Floor Easement,Not Furnished,Empty
4.320.000 TRY,4320000.0,inkilap,20/10/2025,3 + 1,1.0,"137 m2 
/ 126 m2",5 Storey,5,31 at Age,Combi Boiler,Floor Easement,Not Furnished,Tenanted
1.840.000 TRY,1840000.0,kurucesme,23/10/2025,1 + 1,1.0,"60 m2 
/ 55 m2",5 Storey,4,1 at Age,Combi Boiler,Condominium,Furnished,Tenanted
2.850.000 TRY,2850000.0,kurucesme,01/09/2025,2 + 1,1.0,"90 m2 
/ 85 m2",5 Storey,Ground,7 at Age,Air Conditioning,Floor Easement,Not Furnished,
3.700.000 TRY,3700000.0,vali-rahmi-bey,20/10/2025,3 + 1,1.0,"135 m2 
/ 128 m2",4 Storey,1,38 at Age,Combi Boiler,Condominium,Not Furnished,Empty
3.000.000 TRY,3000000.0,adatepe,14/10/2025,1 + 1,1.0,"50 m2 
/ 45 m2",5 Storey,5,New Property,Central Heating (Share Meter),Floor Easement,Furnished,Empty
2.800.000 TRY,2800000.0,guven,23/10/2025,2 + 1,1.0,"87 m2 
/ 70 m2",5 Storey,Top,40 at Age,Air Conditioning,Condominium,Not Furnished,Empty
5.250.000 TRY,5250000.0,laleli,26/08/2025,2 + 1,1.0,"105 m2 
/ 88 m2",5 Storey,5,New Property,Combi Boiler,Floor Easement,Not Furnished,Empty
5.200.000 TRY,5200000.0,efeler,25/09/2025,3 + 1,1.0,"150 m2 
/ 140 m2",5 Storey,4,26 at Age,Combi Boiler,Floor Easement,Not Furnished,Owner
4.350.000 TRY,4350000.0,akincilar,21/10/2025,3 + 1,1.0,"120 m2 
/ 105 m2",3 Storey,1,25 at Age,Combi Boiler,Floor Easement,Not Furnished,Owner
4.550.000 TRY,4550000.0,yildiz,01/09/2025,2 + 1,1.0,"90 m2 
/ 85 m2",10 Storey,3,1 at Age,Combi Boiler,Condominium,Not Furnished,Empty
2.750.000 TRY,2750000.0,adatepe,21/10/2025,1 + 1,1.0,"55 m2 
/ 50 m2",4 Storey,2,5 at Age,Air Conditioning,Floor Easement,Furnished,Tenanted
4.600.000 TRY,4600000.0,buca-koop,05/10/2025,3 + 1,1.0,"120 m2 
/ 100 m2",9 Storey,Middle,20 at Age,Combi Boiler,Condominium,Not Furnished,Empty
2.650.000 TRY,2650000.0,laleli,21/10/2025,3 + 1,1.0,"105 m2 
/ 100 m2",4 Storey,Top,42 at Age,Combi Boiler,Condominium,,Empty
3.950.000 TRY,3950000.0,efeler,02/10/2025,2 + 1,1.0,"100 m2 
/ 90 m2",3 Storey,2,25 at Age,Combi Boiler,Floor Easement,Not Furnished,Owner
5.500.000 TRY,5500000.0,ataturk,18/10/2025,1 + 1,1.0,"45 m2 
/ 40 m2",8 Storey,5,New Property,Underfloor Heating,Condominium,Furnished,Empty
6.970.000 TRY,6970000.0,firat,14/10/2025,2 + 1,1.0,"90 m2 
/ 85 m2",8 Storey,3,New Property,Underfloor Heating,Condominium,Not Furnished,Owner
12.000.000 TRY,12000000.0,buca-koop,15/10/2025,3 + 1,2.0,"170 m2 
/ 157 m2",13 Storey,7,4 at Age,Underfloor Heating,Floor Easement,Not Furnished,Empty
4.200.000 TRY,4200000.0,yaylacik,21/10/2025,3 + 1,1.0,"125 m2 
/ 110 m2",10 Storey,7,23 at Age,Combi Boiler,Condominium,Not Furnished,
5.475.000 TRY,5475000.0,inonu,20/09/2025,3 + 1,2.0,"150 m2 
/ 140 m2",4 Storey,2,1 at Age,Combi Boiler,Floor Easement,Not Furnished,Tenanted
2.840.000 TRY,2840000.0,adatepe,14/10/2025,1 + 1,1.0,"75 m2 
/ 70 m2",3 Storey,Raised Ground,5 at Age,Combi Boiler,Floor Easement,Furnished,Empty
3.625.000 TRY,3625000.0,kozagac,20/10/2025,2 + 1,1.0,"75 m2 
/ 65 m2",4 Storey,Top,8 at Age,Combi Boiler,Floor Easement,,Owner
3.720.000 TRY,3720000.0,hurriyet,17/10/2025,2 + 1,1.0,"95 m2 
/ 88 m2",3 Storey,3,5 at Age,Combi Boiler,Floor Easement,Not Furnished,Empty
4.150.000 TRY,4150000.0,hurriyet,30/09/2025,3 + 1,1.0,"135 m2 
/ 125 m2",3 Storey,3,17 at Age,Combi Boiler,Floor Easement,Not Furnished,Owner
6.750.000 TRY,6750000.0,menderes,17/09/2025,2 + 1,2.0,"160 m2 
/ 140 m2",3 Storey,3,30 at Age,Combi Boiler,Condominium,Not Furnished,Owner
2.075.000 TRY,2075000.0,ataturk,17/10/2025,1 + 1,1.0,"55 m2 
/ 50 m2",3 Storey,Raised Ground,5 at Age,Combi Boiler,Floor Easement,Furnished,Tenanted
2.600.000 TRY,2600000.0,goksu,03/10/2025,3 + 1,1.0,"125 m2 
/ 120 m2",4 Storey,3,20 at Age,Combi Boiler,Condominium,Not Furnished,
1.930.000 TRY,1930000.0,adatepe,21/10/2025,1 + 1,1.0,"55 m2 
/ 40 m2",4 Storey,Ground,11 at Age,Combi Boiler,Floor Easement,Not Furnished,Tenanted
3.300.000 TRY,3300000.0,kozagac,08/10/2025,2 + 1,1.0,"120 m2 
/ 84 m2",4 Storey,Raised Ground,8 at Age,Combi Boiler,Floor Easement,Furnished,Empty
2.850.000 TRY,2850000.0,adatepe,10/10/2025,1 + 1,1.0,"60 m2 
/ 55 m2",3 Storey,2,8 at Age,Air Conditioning,Condominium,Furnished,Empty
4.100.000 TRY,4100000.0,hurriyet,22/10/2025,2 + 1,1.0,"90 m2 
/ 70 m2",5 Storey,Middle,7 at Age,Combi Boiler,Condominium,Furnished,Tenanted
3.600.000 TRY,3600000.0,adatepe,23/10/2025,3 + 1,1.0,"110 m2 
/ 100 m2",3 Storey,Garden,10 at Age,Air Conditioning,Condominium,Not Furnished,Tenanted
4.300.000 TRY,4300000.0,yaylacik,15/09/2025,2 + 1,1.0,"70 m2 
/ 60 m2",4 Storey,Raised Ground,New Property,Combi Boiler,Floor Easement,Not Furnished,Empty
2.250.000 TRY,2250000.0,adatepe,18/10/2025,1 + 1,1.0,"58 m2 
/ 52 m2",3 Storey,2,1 at Age,Combi Boiler,Condominium,Furnished,Empty
4.500.000 TRY,4500000.0,mustafa-kemal,05/10/2025,3 + 1,1.0,"134 m2 
/ 124 m2",4 Storey,1,5 at Age,Combi Boiler,Floor Easement,Not Furnished,Owner
4.600.000 TRY,4600000.0,firat,23/09/2025,3 + 1,1.0,"118 m2 
/ 115 m2",3 Storey,2,20 at Age,Combi Boiler,Condominium,Not Furnished,Owner
3.150.000 TRY,3150000.0,hurriyet,22/10/2025,3 + 1,1.0,"145 m2 
/ 105 m2",4 Storey,Raised Ground,40 at Age,Combi Boiler,Condominium,,Empty
8.400.000 TRY,8400000.0,yenigun,15/10/2025,3 + 1,2.0,"155 m2 
/ 145 m2",4 Storey,1,New Property,Combi Boiler,Floor Easement,Not Furnished,Empty
3.500.000 TRY,3500000.0,ataturk,15/10/2025,1 + 1,1.0,"65 m2 
/ 59 m2",3 Storey,Top,7 at Age,Combi Boiler,Floor Easement,Furnished,Tenanted
4.750.000 TRY,4750000.0,hurriyet,17/10/2025,2 + 1,2.0,"130 m2 
/ 118 m2",4 Storey,Raised Ground,7 at Age,Combi Boiler,Floor Easement,Not Furnished,Owner
3.725.000 TRY,3725000.0,baris,22/10/2025,3 + 1,2.0,"110 m2 
/ 95 m2",3 Storey,2,26 at Age,Combi Boiler,Floor Easement,Not Furnished,Empty
2.375.000 TRY,2375000.0,sirinkapi,21/10/2025,1 + 1,1.0,"50 m2 
/ 45 m2",3 Storey,Garden,4 at Age,Air Conditioning,Floor Easement,Furnished,Empty
6.500.000 TRY,6500000.0,kozagac,08/10/2025,3 + 1,1.0,"180 m2 
/ 160 m2",4 Storey,2,11 at Age,Combi Boiler,Floor Easement,Not Furnished,Owner
3.200.000 TRY,3200000.0,goksu,23/10/2025,2 + 1,1.0,"80 m2 
/ 75 m2",4 Storey,Raised Ground,New Property,Combi Boiler,Floor Easement,Not Furnished,Empty
3.500.000 TRY,3500000.0,yigitler,04/09/2025,2 + 1,1.0,"95 m2 
/ 85 m2",4 Storey,4,26 at Age,Combi Boiler,Condominium,Not Furnished,Empty
3.700.000 TRY,3700000.0,efeler,13/10/2025,3 + 1,1.0,"120 m2 
/ 100 m2",4 Storey,2,30 at Age,Combi Boiler,Floor Easement,Not Furnished,Empty
1.290.000 TRY,1290000.0,ataturk,20/10/2025,1 + 1,1.0,"55 m2 
/ 50 m2",4 Storey,2,New Property,Combi Boiler,Floor Easement,Furnished,Empty
2.550.000 TRY,2550000.0,yaylacik,06/09/2025,1 + 1,1.0,"60 m2 
/ 55 m2",2 Storey,2,5 at Age,Combi Boiler,Floor Easement,Furnished,Owner
1.215.000 TRY,1215000.0,ataturk,04/10/2025,1 + 1,1.0,"60 m2 
/ 55 m2",4 Storey,3,New Property,Combi Boiler,Condominium,Furnished,Empty
4.150.000 TRY,4150000.0,yenigun,01/10/2025,2 + 1,1.0,"90 m2 
/ 80 m2",4 Storey,2,8 at Age,Combi Boiler,Condominium,Not Furnished,Empty
4.300.000 TRY,4300000.0,buca-koop,20/10/2025,3 + 1,1.0,"145 m2 
/ 140 m2",7 Storey,2,25 at Age,Combi Boiler,Floor Easement,Not Furnished,Owner
2.075.000 TRY,2075000.0,kurucesme,23/10/2025,1 + 1,1.0,"60 m2 
/ 55 m2",4 Storey,3,1 at Age,Underfloor Heating,Condominium,Furnished,Tenanted
3.650.000 TRY,3650000.0,yildiz,20/10/2025,2 + 1,1.0,"95 m2 
/ 80 m2",3 Storey,2,7 at Age,Combi Boiler,Floor Easement,Not Furnished,Tenanted
5.950.000 TRY,5950000.0,buca-koop,18/10/2025,3 + 1,1.0,"150 m2 
/ 135 m2",4 Storey,Garden,16 at Age,Floor Heater,Condominium,Not Furnished,Owner
5.299.000 TRY,5299000.0,buca-koop,09/10/2025,3 + 1,2.0,"135 m2 
/ 125 m2",6 Storey,4,22 at Age,Combi Boiler,Floor Easement,Not Furnished,Tenanted
4.850.000 TRY,4850000.0,kirklar,02/10/2025,3 + 1,1.0,"203 m2 
/ 130 m2",1 Storey,Garden,11 at Age,Unspecified,Condominium,Not Furnished,Owner
2.780.000 TRY,2780000.0,adatepe,08/10/2025,1 + 1,1.0,"60 m2 
/ 50 m2",3 Storey,2,1 at Age,Air Conditioning,Floor Easement,Furnished,Tenanted
3.600.000 TRY,3600000.0,yigitler,20/10/2025,3 + 1,1.0,"115 m2 
/ 110 m2",4 Storey,Raised Ground,26 at Age,Combi Boiler,Floor Easement,Not Furnished,Owner
4.300.000 TRY,4300000.0,efeler,02/10/2025,2 + 1,1.0,"110 m2 
/ 100 m2",6 Storey,2,25 at Age,Combi Boiler,Floor Easement,Not Furnished,Owner
3.149.000 TRY,3149000.0,goksu,21/10/2025,3 + 1,2.0,"110 m2 
/ 105 m2",5 Storey,Middle,25 at Age,Unspecified,Floor Easement,Not Furnished,Empty
5.250.000 TRY,5250000.0,kozagac,05/10/2025,3 + 1,1.0,"150 m2 
/ 135 m2",9 Storey,9,17 at Age,Combi Boiler,Condominium,Not Furnished,
4.390.000 TRY,4390000.0,kozagac,24/09/2025,3 + 1,2.0,"125 m2 
/ 115 m2",3 Storey,1,13 at Age,Combi Boiler,Floor Easement,Not Furnished,Tenanted
2.900.000 TRY,2900000.0,camlikule,23/10/2025,3 + 1,2.0,"130 m2 
/ 110 m2",5 Storey,4,1 at Age,Combi Boiler,Condominium,Not Furnished,Tenanted
3.750.000 TRY,3750000.0,hurriyet,17/10/2025,3 + 1,1.0,"135 m2 
/ 125 m2",3 Storey,3,35 at Age,Combi Boiler,Floor Easement,Not Furnished,Empty
3.400.000 TRY,3400000.0,kurucesme,21/10/2025,1 + 1,1.0,"50 m2 
/ 40 m2",11 Storey,9,5 at Age,Underfloor Heating,Floor Easement,Furnished,Tenanted
3.570.000 TRY,3570000.0,adatepe,18/10/2025,2 + 1,1.0,"85 m2 
/ 80 m2",2 Storey,2,2 at Age,Combi Boiler,Floor Easement,Not Furnished,Empty
2.700.000 TRY,2700000.0,kurucesme,21/10/2025,1 + 1,1.0,"60 m2 
/ 55 m2",7 Storey,2,1 at Age,Combi Boiler,Floor Easement,Furnished,Tenanted
4.000.000 TRY,4000000.0,sirinkapi,02/10/2025,2 + 1,1.0,"100 m2 
/ 90 m2",2 Storey,Ground,New Property,Combi Boiler,Floor Easement,Not Furnished,Empty
5.950.000 TRY,5950000.0,buca-koop,06/10/2025,3 + 1,1.0,"130 m2 
/ 120 m2",5 Storey,2,12 at Age,Central,Condominium,Not Furnished,Empty
2.400.000 TRY,2400000.0,kurucesme,13/10/2025,1 + 1,1.0,"60 m2 
/ 55 m2",3 Storey,3,5 at Age,Combi Boiler,Condominium,Furnished,Empty
4.000.000 TRY,4000000.0,yenigun,22/10/2025,3 + 1,1.0,"150 m2 
/ 140 m2",4 Storey,4,24 at Age,Combi Boiler,Condominium,Not Furnished,
11.200.000 TRY,11200000.0,yildiz,01/10/2025,3 + 1,1.0,"178 m2 
/ 155 m2",10 Storey,7,6 at Age,Central,Condominium,Not Furnished,Empty
3.950.000 TRY,3950000.0,efeler,21/10/2025,3 + 1,1.0,"130 m2 
/ 120 m2",3 Storey,3,30 at Age,Combi Boiler,Floor Easement,Not Furnished,Tenanted
4.500.000 TRY,4500000.0,yaylacik,01/10/2025,1 + 1,1.0,"55 m2 
/ 45 m2",4 Storey,3,1 at Age,Combi Boiler,Floor Easement,Furnished,Empty
3.950.000 TRY,3950000.0,buca-koop,20/10/2025,2 + 1,1.0,"120 m2 
/ 100 m2",8 Storey,8,25 at Age,Combi Boiler,Floor Easement,Furnished,Owner
4.620.000 TRY,4620000.0,menderes,21/10/2025,3 + 1,2.0,"115 m2 
/ 95 m2",4 Storey,Middle,10 at Age,Combi Boiler,Floor Easement,Not Furnished,Tenanted
2.600.000 TRY,2600000.0,yesilbaglar,30/08/2025,2 + 1,1.0,"85 m2 
/ 80 m2",2 Storey,Raised Ground,5 at Age,Combi Boiler,Floor Easement,Not Furnished,Owner
2.975.000 TRY,2975000.0,hurriyet,11/09/2025,1 + 1,1.0,"52 m2 
/ 48 m2",4 Storey,3,New Property,Combi Boiler,Floor Easement,Not Furnished,Empty
3.850.000 TRY,3850000.0,menderes,23/10/2025,2 + 1,1.0,"85 m2 
/ 75 m2",3 Storey,2,New Property,Combi Boiler,Condominium,Not Furnished,Empty
3.000.000 TRY,3000000.0,yaylacik,23/10/2025,1 + 1,1.0,"50 m2 
/ 45 m2",5 Storey,2,1 at Age,Combi Boiler,Floor Easement,Furnished,Empty
4.800.000 TRY,4800000.0,yaylacik,21/10/2025,3 + 1,1.0,"96 m2 
/ 90 m2",3 Storey,Middle,15 at Age,Combi Boiler,Condominium,Furnished,Empty
3.100.000 TRY,3100000.0,adatepe,04/10/2025,1 + 1,1.0,"55 m2 
/ 50 m2",2 Storey,2,New Property,Combi Boiler,Floor Easement,Not Furnished,Empty
4.750.000 TRY,4750000.0,gaziler,01/10/2025,3 + 1,1.0,"120 m2 
/ 110 m2",3 Storey,3,New Property,Combi Boiler,Floor Easement,Not Furnished,Empty
3.300.000 TRY,3300000.0,kurucesme,14/10/2025,1 + 1,1.0,"50 m2 
/ 40 m2",4 Storey,3,New Property,Underfloor Heating,Floor Easement,Not Furnished,Empty
3.820.000 TRY,3820000.0,hurriyet,18/10/2025,2 + 1,2.0,"130 m2 
/ 120 m2",5 Storey,3,1 at Age,Combi Boiler,Floor Easement,Not Furnished,Empty
2.580.000 TRY,2580000.0,ataturk,21/08/2025,1 + 1,1.0,"60 m2 
/ 55 m2",6 Storey,4,1 at Age,Air Conditioning,Condominium,Furnished,Tenanted
4.750.000 TRY,4750000.0,yenigun,18/10/2025,3 + 1,1.0,"115 m2 
/ 95 m2",5 Storey,1,25 at Age,Combi Boiler,Condominium,Not Furnished,Tenanted
2.425.000 TRY,2425000.0,adatepe,21/10/2025,1 + 1,1.0,"45 m2 
/ 40 m2",3 Storey,Raised Ground,5 at Age,Combi Boiler,Floor Easement,Furnished,Empty
4.350.000 TRY,4350000.0,camlikule,05/10/2025,1 + 1,1.0,"48 m2 
/ 42 m2",9 Storey,1,New Property,Central,Floor Easement,Furnished,Empty
4.000.000 TRY,4000000.0,camlikule,21/10/2025,3 + 1,2.0,"106 m2 
/ 90 m2",4 Storey,2,6 at Age,Combi Boiler,Floor Easement,Not Furnished,Empty
3.300.000 TRY,3300000.0,ufuk,02/10/2025,2 + 1,1.0,"85 m2 
/ 75 m2",2 Storey,2,1 at Age,Combi Boiler,Condominium,Not Furnished,Empty
5.750.000 TRY,5750000.0,dumlupinar,22/10/2025,3 + 1,2.0,"145 m2 
/ 125 m2",4 Storey,3,1 at Age,Combi Boiler,Condominium,Not Furnished,Empty
3.150.000 TRY,3150000.0,seyhan,21/10/2025,2 + 1,1.0,"90 m2 
/ 80 m2",2 Storey,Raised Ground,New Property,Combi Boiler,Floor Easement,Not Furnished,Empty
6.750.000 TRY,6750000.0,efeler,11/09/2025,3 + 1,2.0,"196 m2 
/ 180 m2",5 Storey,2,12 at Age,Combi Boiler,Floor Easement,Not Furnished,Tenanted
2.150.000 TRY,2150000.0,kurucesme,22/10/2025,1 + 1,1.0,"63 m2 
/ 54 m2",4 Storey,Middle,3 at Age,Combi Boiler,Floor Easement,Furnished,Empty
3.600.000 TRY,3600000.0,akincilar,08/10/2025,3 + 1,1.0,"145 m2 
/ 135 m2",4 Storey,4,26 at Age,Combi Boiler,Floor Easement,Not Furnished,Owner
4.000.000 TRY,4000000.0,inonu,22/10/2025,2 + 1,1.0,"100 m2 
/ 90 m2",2 Storey,2,1 at Age,Combi Boiler,Floor Easement,Not Furnished,Empty
3.200.000 TRY,3200000.0,yesilbaglar,23/10/2025,2 + 1,1.0,"110 m2 
/ 102 m2",3 Storey,2,24 at Age,Air Conditioning,Condominium,Not Furnished,Owner
7.500.000 TRY,7500000.0,yigitler,18/08/2025,3 + 1,2.0,"170 m2 
/ 160 m2",4 Storey,Garden,28 at Age,Combi Boiler,Condominium,Not Furnished,Owner
4.200.000 TRY,4200000.0,efeler,05/10/2025,2 + 1,1.0,"120 m2 
/ 100 m2",4 Storey,Garden,21 at Age,Combi Boiler,Condominium,Not Furnished,Owner
4.600.000 TRY,4600000.0,izkent,04/09/2025,2 + 1,1.0,"72 m2 
/ 59 m2",9 Storey,3,New Property,Central Heating (Share Meter),Floor Easement,Not Furnished,Empty
6.200.000 TRY,6200000.0,camlipinar,19/10/2025,3 + 1,2.0,"150 m2 
/ 120 m2",10 Storey,Top,1 at Age,Combi Boiler,Floor Easement,Not Furnished,Owner
3.700.000 TRY,3700000.0,firat,19/10/2025,3 + 1,1.0,"140 m2 
/ 130 m2",7 Storey,7,16 at Age,Combi Boiler,Condominium,Not Furnished,Empty
4.600.000 TRY,4600000.0,hurriyet,25/09/2025,3 + 1,1.0,"127 m2 
/ 117 m2",4 Storey,3,13 at Age,Combi Boiler,Floor Easement,Not Furnished,Owner
3.675.000 TRY,3675000.0,izkent,21/10/2025,2 + 1,1.0,"80 m2 
/ 75 m2",5 Storey,3,26 at Age,Combi Boiler,Condominium,Not Furnished,Empty
2.950.000 TRY,2950000.0,kurucesme,17/10/2025,1 + 1,1.0,"60 m2 
/ 55 m2",3 Storey,2,7 at Age,Combi Boiler,Floor Easement,,Tenanted
3.120.000 TRY,3120000.0,adatepe,14/10/2025,1 + 1,1.0,"55 m2 
/ 50 m2",5 Storey,4,New Property,Combi Boiler,Floor Easement,Not Furnished,Tenanted
5.150.000 TRY,5150000.0,yenigun,05/10/2025,3 + 1,2.0,"140 m2 
/ 130 m2",4 Storey,3,24 at Age,Combi Boiler,Condominium,Not Furnished,
3.425.000 TRY,3425000.0,kurucesme,30/09/2025,1 + 1,1.0,"50 m2 
/ 45 m2",5 Storey,1,New Property,Combi Boiler,Floor Easement,Not Furnished,Empty
2.500.000 TRY,2500000.0,adatepe,23/10/2025,1 + 1,1.0,"55 m2 
/ 45 m2",3 Storey,3,1 at Age,No Heating,Floor Easement,Not Furnished,Empty
3.500.000 TRY,3500000.0,adatepe,14/10/2025,1 + 1,1.0,"50 m2 
/ 45 m2",3 Storey,3,2 at Age,Combi Boiler,Floor Easement,Furnished,Tenanted
6.750.000 TRY,6750000.0,kozagac,12/09/2025,3 + 1,1.0,"155 m2 
/ 130 m2",4 Storey,2,24 at Age,Combi Boiler,Condominium,Furnished,Tenanted
5.200.000 TRY,5200000.0,inkilap,02/10/2025,3 + 1,1.0,"128 m2 
/ 120 m2",4 Storey,3,New Property,Combi Boiler,Floor Easement,Not Furnished,Owner
2.400.000 TRY,2400000.0,adatepe,25/09/2025,3 + 1,1.0,"140 m2 
/ 130 m2",3 Storey,Top,40 at Age,Air Conditioning,Floor Easement,Not Furnished,Tenanted
2.650.000 TRY,2650000.0,hurriyet,03/10/2025,1 + 1,1.0,"40 m2 
/ 38 m2",4 Storey,Garden,New Property,Combi Boiler,Floor Easement,Not Furnished,Empty
1.160.000 TRY,1160000.0,adatepe,20/10/2025,1 + 1,1.0,"65 m2 
/ 60 m2",4 Storey,3,1 at Age,Combi Boiler,Condominium,Not Furnished,Empty
3.650.000 TRY,3650000.0,menderes,15/09/2025,3 + 1,2.0,"120 m2 
/ 115 m2",4 Storey,4,26 at Age,Combi Boiler,Floor Easement,Not Furnished,Empty
2.350.000 TRY,2350000.0,adatepe,15/10/2025,1 + 1,1.0,"55 m2 
/ 50 m2",2 Storey,2,4 at Age,Combi Boiler,Floor Easement,Furnished,Tenanted
4.650.000 TRY,4650000.0,kozagac,18/10/2025,2 + 1,1.0,"75 m2 
/ 70 m2",3 Storey,2,2 at Age,Combi Boiler,Floor Easement,Furnished,Tenanted
2.950.000 TRY,2950000.0,goksu,20/10/2025,2 + 1,1.0,"85 m2 
/ 80 m2",2 Storey,2,New Property,Combi Boiler,Condominium,Not Furnished,Empty
4.250.000 TRY,4250000.0,yigitler,13/08/2025,2 + 1,1.0,"115 m2 
/ 110 m2",4 Storey,Garden,25 at Age,Combi Boiler,Floor Easement,Not Furnished,Owner
5.200.000 TRY,5200000.0,yaylacik,20/10/2025,2 + 1,1.0,"80 m2 
/ 75 m2",5 Storey,3,1 at Age,Combi Boiler,Floor Easement,Not Furnished,Empty
4.650.000 TRY,4650000.0,yildiz,21/10/2025,2 + 1,1.0,"85 m2 
/ 75 m2",4 Storey,4,11 at Age,Central Heating (Share Meter),Floor Easement,Not Furnished,Owner
2.900.000 TRY,2900000.0,menderes,15/09/2025,3 + 1,2.0,"130 m2 
/ 120 m2",4 Storey,Underground 1,26 at Age,Combi Boiler,Floor Easement,Not Furnished,Empty
7.600.000 TRY,7600000.0,hurriyet,14/10/2025,3 + 1,1.0,"160 m2 
/ 145 m2",4 Storey,Raised Ground,New Property,Combi Boiler,Floor Easement,Furnished,Empty
14.500.000 TRY,14500000.0,buca-koop,15/10/2025,3 + 1,2.0,"157 m2 
/ 130 m2",13 Storey,11,5 at Age,Underfloor Heating,Floor Easement,Not Furnished,Owner
6.750.000 TRY,6750000.0,hurriyet,15/09/2025,3 + 1,2.0,"160 m2 
/ 145 m2",3 Storey,3,1 at Age,Underfloor Heating,Floor Easement,Furnished,Owner
4.150.000 TRY,4150000.0,izkent,23/10/2025,2 + 1,1.0,"72 m2 
/ 59 m2",9 Storey,Ground,New Property,Central Heating (Share Meter),Floor Easement,Not Furnished,Empty
2.650.000 TRY,2650000.0,firat,18/10/2025,1 + 1,1.0,"80 m2 
/ 70 m2",1 Storey,1,8 at Age,Air Conditioning,Floor Easement,Not Furnished,Tenanted
3.000.000 TRY,3000000.0,firat,11/10/2025,3 + 1,1.0,"102 m2 
/ 96 m2",3 Storey,Garden,31 at Age,Gas Stove,Condominium,Not Furnished,Tenanted
3.650.000 TRY,3650000.0,efeler,29/09/2025,2 + 1,1.0,"90 m2 
/ 81 m2",3 Storey,1,40 at Age,Combi Boiler,Floor Easement,Not Furnished,Owner
2.950.000 TRY,2950000.0,yesilbaglar,22/10/2025,3 + 1,1.0,"136 m2 
/ 120 m2",4 Storey,4,11 at Age,Combi Boiler,Condominium,Not Furnished,Empty
5.100.000 TRY,5100000.0,buca-koop,15/09/2025,3 + 1,1.0,"140 m2 
/ 125 m2",7 Storey,7,16 at Age,Combi Boiler,Floor Easement,Not Furnished,Empty
3.199.999 TRY,3199999.0,hurriyet,12/10/2025,1 + 1,1.0,"55 m2 
/ 50 m2",5 Storey,2,New Property,Underfloor Heating,Floor Easement,Not Furnished,Empty
3.600.000 TRY,3600000.0,kurucesme,20/10/2025,1 + 1,1.0,"42 m2 
/ 38 m2",14 Storey,4,New Property,Central Heating (Share Meter),Condominium,Not Furnished,Empty
4.950.000 TRY,4950000.0,ataturk,15/10/2025,1 + 1,1.0,"45 m2 
/ 40 m2",3 Storey,2,1 at Age,Combi Boiler,Floor Easement,Not Furnished,Empty
4.700.000 TRY,4700000.0,ataturk,14/10/2025,1 + 1,1.0,"60 m2 
/ 45 m2",4 Storey,2,New Property,Underfloor Heating,Floor Easement,Not Furnished,Empty
6.750.000 TRY,6750000.0,hurriyet,11/10/2025,3 + 1,2.0,"160 m2 
/ 145 m2",3 Storey,3,1 at Age,Underfloor Heating,Floor Easement,Furnished,Owner
3.600.000 TRY,3600000.0,yigitler,14/10/2025,3 + 1,1.0,"110 m2 
/ 105 m2",4 Storey,Garden,30 at Age,Combi Boiler,Floor Easement,Not Furnished,Owner
2.650.000 TRY,2650000.0,kozagac,05/10/2025,2 + 1,1.0,"60 m2 
/ 49 m2",4 Storey,Raised Ground,6 at Age,Combi Boiler,Floor Easement,Not Furnished,Empty
4.250.000 TRY,4250000.0,firat,16/10/2025,2 + 1,2.0,"100 m2 
/ 90 m2",2 Storey,1,New Property,Combi Boiler,Floor Easement,Furnished,Empty
4.000.000 TRY,4000000.0,kozagac,15/10/2025,3 + 1,1.0,"111 m2 
/ 101 m2",3 Storey,Raised Ground,New Property,Combi Boiler,Floor Easement,Not Furnished,Tenanted
1.220.000 TRY,1220000.0,kozagac,17/10/2025,1 + 1,1.0,"60 m2 
/ 55 m2",3 Storey,3,3 at Age,Combi Boiler,Floor Easement,Furnished,Empty
2.900.000 TRY,2900000.0,kurucesme,10/10/2025,1 + 1,1.0,"60 m2 
/ 55 m2",3 Storey,3,7 at Age,Air Conditioning,Floor Easement,Furnished,Empty
3.450.000 TRY,3450000.0,yaylacik,14/10/2025,2 + 1,1.0,"80 m2 
/ 75 m2",3 Storey,3,11 at Age,Combi Boiler,Condominium,Not Furnished,Empty
3.250.000 TRY,3250000.0,yildiz,18/10/2025,2 + 1,1.0,"110 m2 
/ 100 m2",4 Storey,Raised Ground,18 at Age,Combi Boiler,Condominium,Not Furnished,Empty
5.500.000 TRY,5500000.0,efeler,17/10/2025,3 + 1,1.0,"165 m2 
/ 150 m2",6 Storey,Ground,15 at Age,Combi Boiler,Floor Easement,Not Furnished,Empty
4.500.000 TRY,4500000.0,vali-rahmi-bey,23/10/2025,3 + 1,1.0,"130 m2 
/ 120 m2",3 Storey,2,35 at Age,Combi Boiler,Floor Easement,Not Furnished,Tenanted
4.145.000 TRY,4145000.0,firat,15/10/2025,2 + 1,2.0,"100 m2 
/ 90 m2",3 Storey,Underground 2,9 at Age,Combi Boiler,Condominium,Furnished,Empty
2.750.000 TRY,2750000.0,ataturk,10/10/2025,1 + 1,1.0,"56 m2 
/ 47 m2",9 Storey,3,New Property,Air Conditioning,Floor Easement,Furnished,Tenanted
6.000.000 TRY,6000000.0,buca-koop,30/09/2025,3 + 1,2.0,"170 m2 
/ 150 m2",4 Storey,Underground 1,5 at Age,Combi Boiler,Condominium,Not Furnished,Tenanted
3.200.000 TRY,3200000.0,laleli,18/10/2025,2 + 1,1.0,"105 m2 
/ 89 m2",3 Storey,Raised Ground,25 at Age,Combi Boiler,Floor Easement,,
3.750.000 TRY,3750000.0,buca-koop,23/09/2025,2 + 1,,"100 m2 
/ 95 m2",8 Storey,8,25 at Age,Combi Boiler,Condominium,Furnished,Empty
2.725.000 TRY,2725000.0,ataturk,16/10/2025,1 + 1,,"55 m2 
/ 45 m2",2 Storey,2,4 at Age,Combi Boiler,Floor Easement,Furnished,Tenanted
3.090.000 TRY,3090000.0,kurucesme,23/10/2025,1 + 1,1.0,"50 m2 
/ 45 m2",4 Storey,2,5 at Age,Combi Boiler,Floor Easement,Furnished,Empty
5.100.000 TRY,5100000.0,camlikule,08/10/2025,2 + 1,1.0,"95 m2 
/ 85 m2",2 Storey,Top,4 at Age,Combi Boiler,Floor Easement,Not Furnished,Tenanted
4.200.000 TRY,4200000.0,izkent,11/10/2025,2 + 1,1.0,"85 m2 
/ 75 m2",9 Storey,4,New Property,Underfloor Heating,Floor Easement,Not Furnished,Empty
5.000.000 TRY,5000000.0,ataturk,22/10/2025,2 + 1,2.0,"115 m2 
/ 100 m2",2 Storey,Raised Ground,8 at Age,Combi Boiler,Floor Easement,Not Furnished,Owner
1.315.000 TRY,1315000.0,adatepe,20/10/2025,1 + 1,1.0,"58 m2 
/ 52 m2",4 Storey,2,New Property,Combi Boiler,Floor Easement,Furnished,Empty
2.525.000 TRY,2525000.0,kurucesme,14/10/2025,1 + 1,1.0,"50 m2 
/ 45 m2",2 Storey,Ground,New Property,Combi Boiler,Floor Easement,Furnished,Tenanted
3.725.000 TRY,3725000.0,hurriyet,23/10/2025,2 + 1,1.0,"115 m2 
/ 105 m2",4 Storey,3,1 at Age,Combi Boiler,Floor Easement,Furnished,Empty
4.500.000 TRY,4500000.0,dumlupinar,14/10/2025,3 + 1,1.0,"147 m2 
/ 124 m2",4 Storey,4,20 at Age,Combi Boiler,Floor Easement,Not Furnished,Empty
4.650.000 TRY,4650000.0,buca-koop,14/09/2025,2 + 1,1.0,"85 m2 
/ 80 m2",8 Storey,Raised Ground,2 at Age,Combi Boiler,Floor Easement,Not Furnished,Owner
4.500.000 TRY,4500000.0,kozagac,05/10/2025,2 + 1,1.0,"100 m2 
/ 90 m2",4 Storey,1,7 at Age,Combi Boiler,Floor Easement,Not Furnished,Empty
4.125.000 TRY,4125000.0,camlikule,23/10/2025,2 + 1,1.0,"89 m2 
/ 85 m2",1 Storey,Raised Ground,8 at Age,Combi Boiler,Floor Easement,Not Furnished,Empty
5.500.000 TRY,5500000.0,efeler,23/10/2025,3 + 1,2.0,"92 m2 
/ 85 m2",4 Storey,Penthouse,New Property,Underfloor Heating,Floor Easement,Not Furnished,Empty
4.325.000 TRY,4325000.0,camlikule,03/09/2025,1 + 1,1.0,"55 m2 
/ 50 m2",9 Storey,3,New Property,VRV,Floor Easement,Not Furnished,Empty
1.475.000 TRY,1475000.0,adatepe,19/10/2025,2 + 1,1.0,"85 m2 
/ 80 m2",4 Storey,Ground,3 at Age,Combi Boiler,Condominium,Furnished,Empty
4.750.000 TRY,4750000.0,laleli,22/10/2025,2 + 1,1.0,"85 m2 
/ 70 m2",4 Storey,2,New Property,Underfloor Heating,Floor Easement,Not Furnished,Empty
3.750.000 TRY,3750000.0,yaylacik,22/09/2025,2 + 1,1.0,"90 m2 
/ 85 m2",4 Storey,Ground,New Property,Combi Boiler,Floor Easement,Not Furnished,Empty
2.650.000 TRY,2650000.0,kozagac,16/09/2025,2 + 1,1.0,"105 m2 
/ 100 m2",4 Storey,Ground,20 at Age,Air Conditioning,Floor Easement,Not Furnished,Owner
4.250.000 TRY,4250000.0,yenigun,20/10/2025,2 + 1,1.0,"77 m2 
/ 67 m2",3 Storey,2,4 at Age,Combi Boiler,Floor Easement,Not Furnished,Empty
6.800.000 TRY,6800000.0,yenigun,23/10/2025,3 + 1,1.0,"145 m2 
/ 140 m2",10 Storey,4,16 at Age,Combi Boiler,Condominium,Not Furnished,Tenanted
4.730.000 TRY,4730000.0,goksu,08/10/2025,3 + 1,1.0,"135 m2 
/ 115 m2",4 Storey,4,4 at Age,Combi Boiler,Floor Easement,Not Furnished,Empty
4.145.000 TRY,4145000.0,firat,19/10/2025,2 + 1,2.0,"100 m2 
/ 90 m2",3 Storey,2,8 at Age,Combi Boiler,Condominium,Furnished,Empty
2.850.000 TRY,2850000.0,hurriyet,16/10/2025,1 + 1,1.0,"50 m2 
/ 45 m2",4 Storey,Middle,New Property,Combi Boiler,Condominium,,
1.650.000 TRY,1650000.0,adatepe,23/10/2025,1 + 1,1.0,"55 m2 
/ 50 m2",4 Storey,3,5 at Age,Combi Boiler,Floor Easement,Furnished,Empty
4.250.000 TRY,4250000.0,hurriyet,14/10/2025,3 + 1,1.0,"130 m2 
/ 120 m2",4 Storey,2,26 at Age,Combi Boiler,Condominium,Not Furnished,Tenanted
5.500.000 TRY,5500000.0,guven,02/09/2025,3 + 1,2.0,"200 m2 
/ 150 m2",4 Storey,Penthouse,7 at Age,Combi Boiler,Floor Easement,Not Furnished,Empty
2.790.000 TRY,2790000.0,kurucesme,21/10/2025,2 + 1,1.0,"55 m2 
/ 50 m2",5 Storey,Middle,10 at Age,Combi Boiler,Condominium,Furnished,
3.100.000 TRY,3100000.0,kurucesme,14/10/2025,1 + 1,1.0,"50 m2 
/ 46 m2",10 Storey,9,1 at Age,Air Conditioning,Floor Easement,Furnished,Empty
3.600.000 TRY,3600000.0,efeler,02/10/2025,3 + 1,2.0,"210 m2 
/ 135 m2",7 Storey,Underground 2,26 at Age,Combi Boiler,Condominium,Not Furnished,Empty
3.600.000 TRY,3600000.0,ufuk,20/10/2025,2 + 1,1.0,"95 m2 
/ 90 m2",5 Storey,Garden,1 at Age,Combi Boiler,Floor Easement,Not Furnished,Owner
1.450.000 TRY,1450000.0,kurucesme,04/10/2025,2 + 1,2.0,"96 m2 
/ 87 m2",4 Storey,3,New Property,Combi Boiler,Condominium,Furnished,Empty
3.600.000 TRY,3600000.0,laleli,03/10/2025,3 + 1,1.0,"130 m2 
/ 125 m2",5 Storey,4,20 at Age,Combi Boiler,Floor Easement,Not Furnished,
2.650.000 TRY,2650000.0,goksu,06/10/2025,2 + 1,1.0,"115 m2 
/ 95 m2",4 Storey,2,21 at Age,Combi Boiler,Condominium,Not Furnished,Owner
4.975.000 TRY,4975000.0,yaylacik,15/10/2025,3 + 1,1.0,"120 m2 
/ 101 m2",8 Storey,7,16 at Age,Combi Boiler,Condominium,Not Furnished,Owner
3.500.000 TRY,3500000.0,yigitler,01/09/2025,2 + 1,1.0,"95 m2 
/ 85 m2",4 Storey,4,26 at Age,Combi Boiler,Condominium,Not Furnished,Empty
3.650.000 TRY,3650000.0,inonu,05/10/2025,2 + 1,2.0,"125 m2 
/ 120 m2",4 Storey,Underground 1,1 at Age,Combi Boiler,Floor Easement,Not Furnished,Empty
12.000.000 TRY,12000000.0,buca-koop,20/10/2025,3 + 1,2.0,"170 m2 
/ 157 m2",13 Storey,7,4 at Age,Underfloor Heating,Floor Easement,Not Furnished,Empty
3.200.000 TRY,3200000.0,yenigun,14/10/2025,1 + 1,1.0,"45 m2 
/ 40 m2",4 Storey,3,2 at Age,Underfloor Heating,Floor Easement,Furnished,Empty
4.150.000 TRY,4150000.0,vali-rahmi-bey,07/10/2025,3 + 1,1.0,"130 m2 
/ 115 m2",3 Storey,Middle,25 at Age,Combi Boiler,Floor Easement,Not Furnished,Empty
4.500.000 TRY,4500000.0,kurucesme,23/09/2025,3 + 1,1.0,"125 m2 
/ 118 m2",8 Storey,1,25 at Age,Combi Boiler,Condominium,Not Furnished,Owner
5.300.000 TRY,5300000.0,kozagac,19/10/2025,3 + 1,1.0,"120 m2 
/ 110 m2",3 Storey,3,11 at Age,Combi Boiler,Floor Easement,Not Furnished,Owner
2.650.000 TRY,2650000.0,yesilbaglar,22/10/2025,1 + 1,1.0,"86 m2 
/ 75 m2",2 Storey,1,3 at Age,Combi Boiler,Floor Easement,Not Furnished,Owner
5.225.000 TRY,5225000.0,ufuk,14/10/2025,3 + 1,1.0,"130 m2 
/ 118 m2",4 Storey,Raised Ground,New Property,Combi Boiler,Condominium,Not Furnished,Owner
4.250.000 TRY,4250000.0,inonu,02/10/2025,3 + 1,1.0,"110 m2 
/ 90 m2",4 Storey,Middle,3 at Age,Combi Boiler,Condominium,Not Furnished,Empty
6.600.000 TRY,6600000.0,menderes,23/10/2025,3 + 1,1.0,"170 m2 
/ 160 m2",3 Storey,2,14 at Age,Combi Boiler,Condominium,Not Furnished,Empty
1.100.000 TRY,1100000.0,kurucesme,20/10/2025,1 + 1,1.0,"65 m2 
/ 60 m2",4 Storey,3,1 at Age,Combi Boiler,Condominium,Furnished,Tenanted
5.800.000 TRY,5800000.0,aydogdu,03/10/2025,2 + 1,1.0,"88 m2 
/ 76 m2",10 Storey,Garden,5 at Age,Central Heating (Share Meter),Condominium,Not Furnished,Tenanted
3.500.000 TRY,3500000.0,inonu,23/10/2025,3 + 1,1.0,"130 m2 
/ 120 m2",2 Storey,4,5 at Age,Combi Boiler,Floor Easement,Not Furnished,Owner
2.625.000 TRY,2625000.0,ataturk,23/10/2025,1 + 1,1.0,"45 m2 
/ 40 m2",2 Storey,1,5 at Age,Combi Boiler,Condominium,Furnished,Tenanted
4.900.000 TRY,4900000.0,izkent,18/10/2025,2 + 1,1.0,"72 m2 
/ 60 m2",9 Storey,5,New Property,Central Heating (Share Meter),Floor Easement,Not Furnished,Empty
5.200.000 TRY,5200000.0,buca-koop,06/09/2025,3 + 1,2.0,"135 m2 
/ 125 m2",7 Storey,6,16 at Age,Combi Boiler,Floor Easement,Not Furnished,Tenanted
3.500.000 TRY,3500000.0,akincilar,16/10/2025,3 + 1,1.0,"135 m2 
/ 118 m2",3 Storey,2,31 at Age,Combi Boiler,Floor Easement,Not Furnished,Tenanted
4.250.000 TRY,4250000.0,izkent,23/10/2025,2 + 1,1.0,"85 m2 
/ 75 m2",9 Storey,2,1 at Age,Underfloor Heating,Floor Easement,Not Furnished,Empty
2.500.000 TRY,2500000.0,goksu,18/09/2025,2 + 1,1.0,"115 m2 
/ 100 m2",5 Storey,5,21 at Age,Combi Boiler,Condominium,Not Furnished,Owner
3.300.000 TRY,3300000.0,kurucesme,10/10/2025,1 + 1,1.0,"50 m2 
/ 40 m2",12 Storey,8,New Property,Underfloor Heating,Floor Easement,Not Furnished,Empty
2.600.000 TRY,2600000.0,yesilbaglar,08/10/2025,3 + 1,2.0,"110 m2 
/ 105 m2",4 Storey,4,30 at Age,Air Conditioning,,Not Furnished,
5.500.000 TRY,5500000.0,guven,23/10/2025,2 + 1,2.0,"140 m2 
/ 80 m2",3 Storey,3,1 at Age,Combi Boiler,Condominium,Not Furnished,Owner
2.200.000 TRY,2200000.0,adatepe,23/10/2025,1 + 1,1.0,"55 m2 
/ 45 m2",3 Storey,Garden,1 at Age,No Heating,Floor Easement,Not Furnished,Empty
4.350.000 TRY,4350000.0,yenigun,13/10/2025,3 + 1,1.0,"135 m2 
/ 130 m2",3 Storey,3,10 at Age,Combi Boiler,Floor Easement,Not Furnished,
3.200.000 TRY,3200000.0,yenigun,15/09/2025,1 + 1,1.0,"45 m2 
/ 40 m2",4 Storey,3,2 at Age,Underfloor Heating,Floor Easement,Furnished,Empty
5.600.000 TRY,5600000.0,efeler,16/10/2025,3 + 1,1.0,"157 m2 
/ 146 m2",4 Storey,4,31 at Age,Combi Boiler,Floor Easement,Not Furnished,Owner
3.900.000 TRY,3900000.0,mustafa-kemal,28/09/2025,3 + 1,1.0,"132 m2 
/ 125 m2",8 Storey,Middle,16 at Age,Combi Boiler,Floor Easement,Not Furnished,
3.000.000 TRY,3000000.0,hurriyet,23/09/2025,1 + 1,1.0,"55 m2 
/ 50 m2",4 Storey,2,New Property,Combi Boiler,Floor Easement,Not Furnished,Tenanted
2.525.000 TRY,2525000.0,kurucesme,23/10/2025,1 + 1,1.0,"60 m2 
/ 50 m2",2 Storey,2,4 at Age,Air Conditioning,Floor Easement,Furnished,Empty
1.245.000 TRY,1245000.0,yaylacik,17/10/2025,1 + 1,1.0,"55 m2 
/ 50 m2",5 Storey,4,1 at Age,Combi Boiler,Condominium,Furnished,Empty
1.740.000 TRY,1740000.0,kurucesme,23/10/2025,1 + 1,1.0,"55 m2 
/ 50 m2",4 Storey,1,5 at Age,Combi Boiler,Floor Easement,Furnished,Empty
5.500.000 TRY,5500000.0,yildiz,20/10/2025,3 + 1,2.0,"135 m2 
/ 125 m2",7 Storey,4,26 at Age,Combi Boiler,Condominium,Not Furnished,Owner
4.150.000 TRY,4150000.0,yigitler,18/10/2025,3 + 1,1.0,"130 m2 
/ 125 m2",4 Storey,Raised Ground,30 at Age,Combi Boiler,Floor Easement,Furnished,Empty
4.100.000 TRY,4100000.0,kozagac,21/09/2025,2 + 1,2.0,"115 m2 
/ 110 m2",4 Storey,Raised Ground,New Property,Combi Boiler,Condominium,Not Furnished,Empty
4.200.000 TRY,4200000.0,menderes,15/09/2025,2 + 1,1.0,"70 m2 
/ 65 m2",4 Storey,3,New Property,Combi Boiler,Floor Easement,Not Furnished,Empty
4.100.000 TRY,4100000.0,guven,13/09/2025,3 + 1,1.0,"125 m2 
/ 120 m2",4 Storey,1,25 at Age,Combi Boiler,Condominium,Not Furnished,Tenanted
2.100.000 TRY,2100000.0,baris,23/10/2025,1 + 1,1.0,"40 m2 
/ 30 m2",4 Storey,Ground,29 at Age,Air Conditioning,Floor Easement,Furnished,Empty
3.400.000 TRY,3400000.0,vali-rahmi-bey,18/10/2025,3 + 1,1.0,"130 m2 
/ 120 m2",3 Storey,3,30 at Age,Combi Boiler,Condominium,Not Furnished,Owner
3.350.000 TRY,3350000.0,adatepe,18/10/2025,2 + 1,1.0,"75 m2 
/ 70 m2",2 Storey,2,3 at Age,Combi Boiler,Floor Easement,Furnished,Owner
2.525.000 TRY,2525000.0,kurucesme,14/10/2025,1 + 1,1.0,"50 m2 
/ 45 m2",2 Storey,Ground,New Property,Combi Boiler,Floor Easement,Furnished,Tenanted
7.150.000 TRY,7150000.0,yenigun,22/10/2025,3 + 1,2.0,"145 m2 
/ 135 m2",6 Storey,5,8 at Age,Combi Boiler,Condominium,Not Furnished,Owner
4.650.000 TRY,4650000.0,yenigun,09/10/2025,2 + 1,1.0,"125 m2 
/ 109 m2",3 Storey,3,13 at Age,Combi Boiler,Condominium,,Owner
3.950.000 TRY,3950000.0,ataturk,03/10/2025,3 + 1,1.0,"130 m2 
/ 120 m2",4 Storey,2,18 at Age,Combi Boiler,Condominium,Not Furnished,Empty
4.750.000 TRY,4750000.0,kurucesme,20/10/2025,3 + 1,1.0,"125 m2 
/ 115 m2",3 Storey,2,17 at Age,Combi Boiler,Floor Easement,Not Furnished,Owner
3.450.000 TRY,3450000.0,kurucesme,19/10/2025,3 + 1,1.0,"125 m2 
/ 115 m2",6 Storey,1,21 at Age,Combi Boiler,Condominium,Not Furnished,Empty
3.800.000 TRY,3800000.0,yildiz,18/10/2025,3 + 1,1.0,"115 m2 
/ 90 m2",4 Storey,Raised Ground,21 at Age,Combi Boiler,Condominium,Not Furnished,Empty
3.750.000 TRY,3750000.0,inkilap,22/10/2025,3 + 1,1.0,"137 m2 
/ 135 m2",4 Storey,4,40 at Age,Air Conditioning,Condominium,Not Furnished,Empty
3.550.000 TRY,3550000.0,adatepe,03/10/2025,1 + 1,1.0,"70 m2 
/ 66 m2",2 Storey,2,2 at Age,Combi Boiler,Floor Easement,Furnished,Empty
5.000.000 TRY,5000000.0,inonu,10/09/2025,3 + 1,2.0,"118 m2 
/ 91 m2",4 Storey,4,4 at Age,Central,Floor Easement,Not Furnished,Empty
5.500.000 TRY,5500000.0,efeler,15/10/2025,3 + 1,1.0,"125 m2 
/ 120 m2",4 Storey,1,26 at Age,Combi Boiler,Condominium,Not Furnished,Tenanted
2.050.000 TRY,2050000.0,adatepe,17/10/2025,1 + 1,1.0,"47 m2 
/ 42 m2",4 Storey,1,4 at Age,Air Conditioning,Floor Easement,Furnished,Tenanted
4.700.000 TRY,4700000.0,camlipinar,20/10/2025,2 + 1,1.0,"110 m2 
/ 105 m2",4 Storey,3,2 at Age,Combi Boiler,Floor Easement,Not Furnished,Empty
3.600.000 TRY,3600000.0,yesilbaglar,11/10/2025,3 + 1,1.0,"130 m2 
/ 120 m2",6 Storey,Raised Ground,20 at Age,Combi Boiler,Floor Easement,Not Furnished,Owner
4.200.000 TRY,4200000.0,baris,23/10/2025,3 + 1,1.0,"135 m2 
/ 118 m2",4 Storey,3,19 at Age,Combi Boiler,Condominium,Not Furnished,Empty
6.800.000 TRY,6800000.0,efeler,20/10/2025,3 + 1,2.0,"128 m2 
/ 120 m2",4 Storey,2,16 at Age,Combi Boiler,Floor Easement,Not Furnished,Tenanted
3.200.000 TRY,3200000.0,hurriyet,13/10/2025,2 + 1,1.0,"90 m2 
/ 85 m2",4 Storey,4,5 at Age,Combi Boiler,Condominium,Not Furnished,Empty
7.750.000 TRY,7750000.0,buca-koop,22/10/2025,3 + 1,2.0,"135 m2 
/ 115 m2",7 Storey,2,16 at Age,Combi Boiler,Condominium,Not Furnished,Tenanted
5.750.000 TRY,5750000.0,yaylacik,13/10/2025,2 + 1,2.0,"105 m2 
/ 85 m2",4 Storey,4,New Property,Combi Boiler,Floor Easement,Furnished,Empty
1.430.000 TRY,1430000.0,ataturk,04/10/2025,2 + 1,1.0,"92 m2 
/ 80 m2",4 Storey,3,New Property,Combi Boiler,Floor Easement,Furnished,Empty
2.850.000 TRY,2850000.0,goksu,05/09/2025,3 + 1,1.0,"100 m2 
/ 95 m2",4 Storey,4,28 at Age,Air Conditioning,Condominium,Not Furnished,Owner
2.925.000 TRY,2925000.0,adatepe,12/09/2025,1 + 1,1.0,"46 m2 
/ 43 m2",6 Storey,3,New Property,Combi Boiler,Floor Easement,Not Furnished,Empty
4.300.000 TRY,4300000.0,baris,17/10/2025,3 + 1,1.0,"170 m2 
/ 150 m2",5 Storey,4,25 at Age,Gas Stove,Floor Easement,,Tenanted
2.490.000 TRY,2490000.0,ataturk,18/10/2025,1 + 1,1.0,"52 m2 
/ 45 m2",3 Storey,3,11 at Age,Air Conditioning,Floor Easement,Furnished,Empty
2.925.000 TRY,2925000.0,adatepe,11/09/2025,1 + 1,1.0,"46 m2 
/ 43 m2",6 Storey,3,1 at Age,Combi Boiler,Floor Easement,Not Furnished,Empty
7.500.000 TRY,7500000.0,efeler,03/09/2025,3 + 1,2.0,"175 m2 
/ 160 m2",4 Storey,Middle,14 at Age,Combi Boiler,Floor Easement,Not Furnished,Tenanted
7.350.000 TRY,7350000.0,buca-koop,21/10/2025,3 + 1,2.0,"160 m2 
/ 150 m2",6 Storey,6,4 at Age,Combi Boiler,Condominium,Not Furnished,Empty
5.650.000 TRY,5650000.0,akincilar,18/10/2025,3 + 1,2.0,"145 m2 
/ 120 m2",4 Storey,2,4 at Age,Combi Boiler,Floor Easement,Not Furnished,Empty
3.200.000 TRY,3200000.0,kozagac,23/10/2025,1 + 1,1.0,"55 m2 
/ 50 m2",4 Storey,Ground,New Property,Gas Stove,Floor Easement,Not Furnished,Empty
5.500.000 TRY,5500000.0,kurucesme,16/08/2025,1 + 1,1.0,"52 m2 
/ 45 m2",10 Storey,5,1 at Age,Central Heating (Share Meter),Condominium,Furnished,Tenanted
2.425.000 TRY,2425000.0,adatepe,23/10/2025,1 + 1,1.0,"45 m2 
/ 40 m2",3 Storey,Raised Ground,New Property,Combi Boiler,Floor Easement,Furnished,Empty
4.200.000 TRY,4200000.0,yigitler,14/10/2025,3 + 1,1.0,"120 m2 
/ 110 m2",4 Storey,2,26 at Age,Combi Boiler,Floor Easement,Not Furnished,Empty
6.850.000 TRY,6850000.0,yesilbaglar,25/09/2025,3 + 1,2.0,"160 m2 
/ 140 m2",8 Storey,4,New Property,Combi Boiler,Floor Easement,Not Furnished,Owner
5.000.000 TRY,5000000.0,efeler,30/09/2025,3 + 1,1.0,"100 m2 
/ 85 m2",4 Storey,3,30 at Age,Combi Boiler,Floor Easement,Not Furnished,Empty
2.725.000 TRY,2725000.0,goksu,17/10/2025,3 + 1,1.0,"100 m2 
/ 95 m2",4 Storey,Penthouse,29 at Age,Combi Boiler,Condominium,Not Furnished,Empty
2.415.000 TRY,2415000.0,yaylacik,15/10/2025,1 + 1,1.0,"55 m2 
/ 50 m2",5 Storey,Middle,4 at Age,Combi Boiler,Condominium,Furnished,Empty
3.950.000 TRY,3950000.0,dumlupinar,20/10/2025,3 + 1,1.0,"135 m2 
/ 125 m2",4 Storey,3,30 at Age,No Heating,Condominium,Not Furnished,Tenanted
3.050.000 TRY,3050000.0,yaylacik,11/09/2025,1 + 1,1.0,"55 m2 
/ 48 m2",9 Storey,9,1 at Age,Combi Boiler,Floor Easement,Not Furnished,Empty
2.825.000 TRY,2825000.0,hurriyet,18/10/2025,1 + 1,1.0,"55 m2 
/ 50 m2",4 Storey,1,New Property,Combi Boiler,Floor Easement,Not Furnished,Empty
5.950.000 TRY,5950000.0,izkent,19/09/2025,2 + 1,,"90 m2 
/ 70 m2",9 Storey,8,New Property,Central Heating (Share Meter),Floor Easement,Not Furnished,Empty
1.800.000 TRY,1800000.0,adatepe,02/10/2025,1 + 1,1.0,"60 m2 
/ 55 m2",4 Storey,2,2 at Age,Gas Stove,Floor Easement,Furnished,Empty
2.850.000 TRY,2850000.0,ataturk,10/09/2025,2 + 1,1.0,"65 m2 
/ 60 m2",3 Storey,Raised Ground,New Property,Combi Boiler,Condominium,Not Furnished,Tenanted
2.585.000 TRY,2585000.0,ataturk,19/10/2025,1 + 1,1.0,"50 m2 
/ 45 m2",2 Storey,2,3 at Age,Combi Boiler,Condominium,Not Furnished,Tenanted
3.850.000 TRY,3850000.0,buca-koop,08/10/2025,3 + 1,1.0,"120 m2 
/ 117 m2",8 Storey,1,25 at Age,Combi Boiler,Condominium,Not Furnished,Tenanted
6.250.000 TRY,6250000.0,dicle,29/09/2025,3 + 1,1.0,"105 m2 
/ 95 m2",4 Storey,4,3 at Age,Combi Boiler,Floor Easement,Not Furnished,Empty
5.250.000 TRY,5250000.0,yaylacik,02/10/2025,2 + 1,1.0,"80 m2 
/ 75 m2",5 Storey,3,New Property,Combi Boiler,Floor Easement,Not Furnished,Empty
5.100.000 TRY,5100000.0,ataturk,08/10/2025,3 + 1,1.0,"130 m2 
/ 120 m2",3 Storey,Top,24 at Age,Combi Boiler,Floor Easement,Not Furnished,Empty
1.410.000 TRY,1410000.0,adatepe,18/10/2025,2 + 1,1.0,"110 m2 
/ 90 m2",4 Storey,2,New Property,Combi Boiler,Floor Easement,Furnished,Empty
1.200.000 TRY,1200000.0,kurucesme,18/10/2025,1 + 1,1.0,"55 m2 
/ 50 m2",6 Storey,1,1 at Age,Combi Boiler,Floor Easement,Not Furnished,Empty
3.250.000 TRY,3250000.0,hurriyet,08/10/2025,2 + 1,1.0,"115 m2 
/ 110 m2",3 Storey,3,31 at Age,Combi Boiler,Floor Easement,Not Furnished,Owner
5.500.000 TRY,5500000.0,kozagac,14/10/2025,3 + 1,1.0,"150 m2 
/ 140 m2",5 Storey,2,7 at Age,Combi Boiler,Condominium,,Empty
6.500.000 TRY,6500000.0,ataturk,18/09/2025,3 + 1,2.0,"140 m2 
/ 130 m2",7 Storey,7,15 at Age,Combi Boiler,Condominium,Not Furnished,Owner
2.800.000 TRY,2800000.0,kurucesme,23/10/2025,1 + 1,1.0,"45 m2 
/ 40 m2",3 Storey,2,6 at Age,Combi Boiler,Floor Easement,Furnished,Tenanted
3.100.000 TRY,3100000.0,camlikule,17/09/2025,1 + 1,1.0,"47 m2 
/ 40 m2",7 Storey,1,New Property,Underfloor Heating,Floor Easement,Furnished,Empty
1.310.000 TRY,1310000.0,ataturk,20/10/2025,1 + 1,1.0,"58 m2 
/ 55 m2",4 Storey,1,New Property,Air Conditioning,Floor Easement,Furnished,Empty
3.120.000 TRY,3120000.0,adatepe,14/10/2025,1 + 1,1.0,"55 m2 
/ 50 m2",5 Storey,4,New Property,Combi Boiler,Floor Easement,Not Furnished,Tenanted
3.550.000 TRY,3550000.0,yaylacik,31/07/2025,1 + 1,1.0,"55 m2 
/ 50 m2",15 Storey,9,New Property,Central Heating (Share Meter),Floor Easement,Not Furnished,Empty
2.610.000 TRY,2610000.0,kozagac,23/10/2025,2 + 1,2.0,"90 m2 
/ 80 m2",5 Storey,3,1 at Age,Combi Boiler,Condominium,Not Furnished,Tenanted
3.170.000 TRY,3170000.0,kozagac,22/10/2025,1 + 1,1.0,"45 m2 
/ 40 m2",4 Storey,4,4 at Age,Combi Boiler,Condominium,Furnished,Tenanted
5.000.000 TRY,5000000.0,firat,07/10/2025,3 + 1,1.0,"186 m2 
/ 154 m2",4 Storey,2,20 at Age,Combi Boiler,Condominium,Not Furnished,Owner
5.250.000 TRY,5250000.0,yesilbaglar,18/10/2025,3 + 1,2.0,"101 m2 
/ 92 m2",10 Storey,8,New Property,Combi Boiler,Floor Easement,Not Furnished,Empty
3.350.000 TRY,3350000.0,hurriyet,19/09/2025,2 + 1,1.0,"115 m2 
/ 100 m2",5 Storey,3,43 at Age,Combi Boiler,Floor Easement,Not Furnished,Owner
7.799.000 TRY,7799000.0,yigitler,02/10/2025,3 + 1,2.0,"155 m2 
/ 148 m2",3 Storey,Middle,9 at Age,Combi Boiler,Condominium,Not Furnished,Empty
2.600.000 TRY,2600000.0,kurucesme,10-10-2025,1 + 1,1.0,"40 m2 
/ 35 m2",2 Storey,1.,New Property,Combi Boiler,Floor Easement,Not Furnished,Tenanted
4.200.000 TRY,4200000.0,izkent,31-07-2025,2 + 1,1.0,"60 m2 
/ 45 m2",9 Storey,6.,New Property,Central Heating (Share Meter),Floor Easement,Furnished,Empty
4.950.000 TRY,4950000.0,baris,09-10-2025,3 + 1,1.0,"130 m2 
/ 125 m2",4 Storey,Middle,32 at Age,Combi Boiler,Floor Easement,Not Furnished,Empty
2.300.000 TRY,2300000.0,izkent,14-10-2025,1 + 1,1.0,"80 m2 
/ 75 m2",4 Storey,3.,30 at Age,Air Conditioning,Floor Easement,Not Furnished,Empty
4.975.000 TRY,4975000.0,yaylacik,15-10-2025,3 + 1,1.0,"120 m2 
/ 101 m2",8 Storey,7.,20 at Age,Combi Boiler,Condominium,Not Furnished,Owner
3.550.000 TRY,3550000.0,hurriyet,09-10-2025,2 + 1,1.0,"80 m2 
/ 75 m2",3 Storey,3.,5 at Age,Combi Boiler,Floor Easement,Not Furnished,Tenanted
6.150.000 TRY,6150000.0,camlikule,27-09-2025,3 + 1,2.0,"145 m2 
/ 135 m2",8 Storey,8.,5 at Age,Combi Boiler,Condominium,Not Furnished,Empty
4.650.000 TRY,4650000.0,menderes,22-10-2025,3 + 1,1.0,"155 m2 
/ 115 m2",3 Storey,3.,31 at Age,Combi Boiler,Condominium,Not Furnished,Empty
4.849.000 TRY,4849000.0,baris,24-10-2025,3 + 1,1.0,"130 m2 
/ 119 m2",3 Storey,2.,27 at Age,Combi Boiler,Condominium,Not Furnished,
3.500.000 TRY,3500000.0,kurucesme,22-10-2025,2 + 1,1.0,"80 m2 
/ 75 m2",5 Storey,3.,10 at Age,Combi Boiler,Floor Easement,,Owner
3.400.000 TRY,3400000.0,mustafa-kemal,20-10-2025,3 + 1,1.0,"130 m2 
/ 117 m2",4 Storey,2.,27 at Age,Combi Boiler,Floor Easement,Not Furnished,Empty
2.300.000 TRY,2300000.0,hurriyet,06-10-2025,2 + 1,1.0,"70 m2 
/ 65 m2",5 Storey,5.,31 at Age,Combi Boiler,Floor Easement,Not Furnished,Owner
3.675.000 TRY,3675000.0,adatepe,23-10-2025,1 + 1,1.0,"65 m2 
/ 60 m2",17 Storey,3.,New Property,Central Heating (Share Meter),Condominium,Furnished,Tenanted
3.375.000 TRY,3375000.0,firat,17-10-2025,3 + 1,1.0,"135 m2 
/ 100 m2",8 Storey,8.,25 at Age,Combi Boiler,Floor Easement,,
6.200.000 TRY,6200000.0,ataturk,19-10-2025,3 + 1,2.0,"130 m2 
/ 115 m2",3 Storey,3.,New Property,Combi Boiler,Condominium,Not Furnished,Tenanted
4.490.000 TRY,4490000.0,hurriyet,14-10-2025,3 + 1,1.0,"120 m2 
/ 95 m2",3 Storey,2.,23 at Age,Combi Boiler,Floor Easement,Not Furnished,Owner
3.900.000 TRY,3900000.0,yaylacik,14-10-2025,2 + 1,1.0,"75 m2 
/ 70 m2",4 Storey,3.,4 at Age,Combi Boiler,Floor Easement,Not Furnished,Owner
4.000.000 TRY,4000000.0,inonu,23-10-2025,2 + 1,1.0,"90 m2 
/ 75 m2",2 Storey,2.,New Property,Gas Stove,Floor Easement,Not Furnished,Empty
3.150.000 TRY,3150000.0,inonu,23-10-2025,2 + 1,1.0,"100 m2 
/ 90 m2",3 Storey,2.,8 at Age,Combi Boiler,Floor Easement,Not Furnished,Owner
3.599.000 TRY,3599000.0,firat,03-08-2025,2 + 1,1.0,"100 m2 
/ 87 m2",4 Storey,3.,8 at Age,Combi Boiler,Floor Easement,Not Furnished,Owner
5.550.000 TRY,5550000.0,camlipinar,06-10-2025,3 + 1,2.0,"129 m2 
/ 112 m2",6 Storey,Middle,17 at Age,Combi Boiler,Floor Easement,Not Furnished,Owner
4.000.000 TRY,4000000.0,inonu,07-10-2025,2 + 1,1.0,"90 m2 
/ 75 m2",2 Storey,2.,New Property,Combi Boiler,Condominium,Not Furnished,Empty
3.800.000 TRY,3800000.0,yildiz,17-10-2025,3 + 1,1.0,"115 m2 
/ 90 m2",4 Storey,Raised Ground,21 at Age,Combi Boiler,Condominium,Not Furnished,Empty
2.740.000 TRY,2740000.0,adatepe,23-10-2025,1 + 1,1.0,"55 m2 
/ 50 m2",3 Storey,2.,1 at Age,Combi Boiler,Condominium,Furnished,Empty
7.950.000 TRY,7950000.0,efeler,12-10-2025,3 + 1,2.0,"125 m2 
/ 115 m2",3 Storey,2.,New Property,Combi Boiler,Floor Easement,Not Furnished,Empty
3.600.000 TRY,3600000.0,efeler,22-09-2025,3 + 1,2.0,"210 m2 
/ 135 m2",7 Storey,Underground 2,30 at Age,Combi Boiler,Floor Easement,,
5.125.000 TRY,5125000.0,adatepe,20-10-2025,3 + 1,2.0,"145 m2 
/ 140 m2",4 Storey,2.,21 at Age,Combi Boiler,Condominium,Not Furnished,Owner
4.595.000 TRY,4595000.0,izkent,16-09-2025,2 + 1,1.0,"85 m2 
/ 75 m2",8 Storey,2.,1 at Age,Underfloor Heating,Floor Easement,Not Furnished,Empty
3.150.000 TRY,3150000.0,yigitler,25-09-2025,2 + 1,1.0,"100 m2 
/ 85 m2",4 Storey,2.,31 at Age,No Heating,Floor Easement,Not Furnished,Empty
3.550.000 TRY,3550000.0,seyhan,20-10-2025,2 + 1,1.0,"100 m2 
/ 80 m2",4 Storey,2.,1 at Age,Combi Boiler,Floor Easement,Not Furnished,Empty
3.250.000 TRY,3250000.0,adatepe,18-10-2025,2 + 1,2.0,"84 m2 
/ 80 m2",3 Storey,Middle,10 at Age,Combi Boiler,Floor Easement,Not Furnished,
3.650.000 TRY,3650000.0,goksu,05-10-2025,3 + 1,,"150 m2 
/ 140 m2",4 Storey,Top,20 at Age,Combi Boiler,Condominium,Not Furnished,Empty
2.425.000 TRY,2425000.0,adatepe,15-10-2025,1 + 1,1.0,"55 m2 
/ 50 m2",5 Storey,4.,4 at Age,Combi Boiler,Condominium,Furnished,Tenanted
3.750.000 TRY,3750000.0,goksu,23-10-2025,3 + 1,1.0,"150 m2 
/ 140 m2",4 Storey,4.,20 at Age,Gas Stove,Condominium,Not Furnished,Empty
2.850.000 TRY,2850000.0,goksu,22-10-2025,2 + 1,1.0,"103 m2 
/ 85 m2",2 Storey,Raised Ground,6 at Age,Combi Boiler,Floor Easement,Not Furnished,Owner
4.250.000 TRY,4250000.0,baris,03-10-2025,3 + 1,1.0,"135 m2 
/ 125 m2",5 Storey,Underground 1,21 at Age,Combi Boiler,Floor Easement,Not Furnished,Empty
3.000.000 TRY,3000000.0,kozagac,13-10-2025,2 + 1,1.0,"90 m2 
/ 78 m2",4 Storey,Basement,16 at Age,Combi Boiler,Floor Easement,Not Furnished,Empty
3.100.000 TRY,3100000.0,kurucesme,23-10-2025,2 + 1,1.0,"75 m2 
/ 65 m2",3 Storey,Raised Ground,New Property,Air Conditioning,Floor Easement,Not Furnished,Empty
4.790.000 TRY,4790000.0,yildiz,14-10-2025,3 + 1,2.0,"130 m2 
/ 110 m2",8 Storey,6.,14 at Age,Combi Boiler,Condominium,Not Furnished,Owner
3.000.000 TRY,3000000.0,yesilbaglar,10-09-2025,3 + 1,1.0,"135 m2 
/ 128 m2",4 Storey,3.,21 at Age,Combi Boiler,Floor Easement,Not Furnished,Empty
4.500.000 TRY,4500000.0,efeler,22-10-2025,2 + 1,2.0,"97 m2 
/ 85 m2",4 Storey,Raised Ground,4 at Age,Combi Boiler,Floor Easement,,Owner
2.075.000 TRY,2075000.0,ufuk,21-10-2025,1 + 1,1.0,"88 m2 
/ 80 m2",4 Storey,Raised Ground,15 at Age,Combi Boiler,Floor Easement,Not Furnished,Empty
4.700.000 TRY,4700000.0,buca-koop,18-10-2025,2 + 1,1.0,"85 m2 
/ 79 m2",4 Storey,4.,12 at Age,Central,Condominium,Not Furnished,Owner
2.925.000 TRY,2925000.0,kurucesme,30-07-2025,1 + 1,1.0,"50 m2 
/ 44 m2",2 Storey,2.,5 at Age,Underfloor Heating,Floor Easement,Furnished,Empty
5.999.000 TRY,5999000.0,efeler,15-10-2025,3 + 1,2.0,"150 m2 
/ 140 m2",8 Storey,8.,21 at Age,Combi Boiler,Condominium,Not Furnished,Empty
3.600.000 TRY,3600000.0,kozagac,18-09-2025,1 + 1,1.0,"60 m2 
/ 50 m2",3 Storey,2.,1 at Age,Combi Boiler,Condominium,Not Furnished,Empty
1.315.000 TRY,1315000.0,adatepe,24-10-2025,1 + 1,1.0,"58 m2 
/ 52 m2",4 Storey,2.,New Property,Combi Boiler,Floor Easement,Furnished,Empty
2.975.000 TRY,2975000.0,kozagac,15-08-2025,1 + 1,1.0,"65 m2 
/ 60 m2",4 Storey,2.,New Property,Combi Boiler,Floor Easement,Not Furnished,Empty
3.900.000 TRY,3900000.0,firat,23-09-2025,3 + 1,1.0,"140 m2 
/ 125 m2",8 Storey,4.,21 at Age,Combi Boiler,Condominium,Not Furnished,Tenanted
4.500.000 TRY,4500000.0,kurucesme,21-10-2025,2 + 1,1.0,"75 m2 
/ 60 m2",11 Storey,3.,5 at Age,Underfloor Heating,Floor Easement,Not Furnished,Tenanted
4.850.000 TRY,4850000.0,mustafa-kemal,18-09-2025,2 + 1,2.0,"112 m2 
/ 102 m2",7 Storey,6.,2 at Age,Combi Boiler,Floor Easement,Not Furnished,Tenanted
7.000.000 TRY,7000000.0,akincilar,15-10-2025,3 + 1,2.0,"220 m2 
/ 175 m2",3 Storey,3.,11 at Age,Combi Boiler,Condominium,Not Furnished,Empty
4.100.000 TRY,4100000.0,firat,18-10-2025,2 + 1,2.0,"100 m2 
/ 90 m2",2 Storey,Middle,9 at Age,Combi Boiler,Condominium,Furnished,Empty
3.250.000 TRY,3250000.0,hurriyet,16-10-2025,2 + 1,1.0,"130 m2 
/ 90 m2",4 Storey,Underground 1,4 at Age,Heating Stove,Condominium,Not Furnished,Owner
3.700.000 TRY,3700000.0,efeler,17-10-2025,3 + 1,1.0,"109 m2 
/ 95 m2",4 Storey,3.,33 at Age,Combi Boiler,Floor Easement,Not Furnished,Tenanted
1.165.000 TRY,1165000.0,kurucesme,24-10-2025,1 + 1,1.0,"58 m2 
/ 52 m2",4 Storey,2.,New Property,Combi Boiler,Condominium,Furnished,Empty
6.000.000 TRY,6000000.0,baris,04-10-2025,2 + 1,1.0,"95 m2 
/ 85 m2",3 Storey,Middle,New Property,Combi Boiler,Floor Easement,Not Furnished,Empty
6.000.000 TRY,6000000.0,hurriyet,16-09-2025,3 + 1,1.0,"155 m2 
/ 145 m2",4 Storey,Top,28 at Age,Combi Boiler,Condominium,Not Furnished,Owner
4.780.000 TRY,4780000.0,buca-koop,11-10-2025,3 + 1,,"125 m2 
/ 120 m2",9 Storey,6.,21 at Age,Combi Boiler,Condominium,Not Furnished,Empty
2.450.000 TRY,2450000.0,adatepe,21-10-2025,1 + 1,1.0,"60 m2 
/ 55 m2",3 Storey,3.,1 at Age,Air Conditioning,Floor Easement,Not Furnished,Empty
7.000.000 TRY,7000000.0,inkilap,05-09-2025,3 + 1,1.0,"155 m2 
/ 134 m2",4 Storey,Raised Ground,5 at Age,Combi Boiler,Floor Easement,Not Furnished,Owner
5.750.000 TRY,5750000.0,kurucesme,09-10-2025,2 + 1,1.0,"90 m2 
/ 75 m2",14 Storey,Top,New Property,Combi Boiler,Floor Easement,Not Furnished,Empty
5.250.000 TRY,5250000.0,baris,20-10-2025,3 + 1,1.0,"135 m2 
/ 125 m2",4 Storey,2.,26 at Age,Combi Boiler,Floor Easement,Not Furnished,Owner
5.150.000 TRY,5150000.0,camlipinar,14-10-2025,2 + 1,2.0,"100 m2 
/ 90 m2",11 Storey,3.,New Property,Underfloor Heating,Condominium,Not Furnished,Empty
3.175.000 TRY,3175000.0,kozagac,18-10-2025,2 + 1,1.0,"70 m2 
/ 60 m2",4 Storey,2.,2 at Age,Combi Boiler,Floor Easement,Not Furnished,Tenanted
5.100.000 TRY,5100000.0,yaylacik,17-10-2025,3 + 1,1.0,"130 m2 
/ 120 m2",4 Storey,2.,9 at Age,Combi Boiler,Condominium,Not Furnished,Owner
3.700.000 TRY,3700000.0,menderes,14-09-2025,3 + 1,1.0,"110 m2 
/ 90 m2",4 Storey,4.,31 at Age,Combi Boiler,Condominium,Not Furnished,Empty
3.500.000 TRY,3500000.0,guven,29-09-2025,2 + 1,1.0,"80 m2 
/ 75 m2",4 Storey,4.,40 at Age,Combi Boiler,Floor Easement,Not Furnished,Owner
5.400.000 TRY,5400000.0,yaylacik,08-10-2025,3 + 1,2.0,"150 m2 
/ 140 m2",4 Storey,Raised Ground,16 at Age,Combi Boiler,Floor Easement,Not Furnished,Tenanted
5.100.000 TRY,5100000.0,camlipinar,14-10-2025,2 + 1,2.0,"100 m2 
/ 90 m2",11 Storey,3.,New Property,Underfloor Heating,Condominium,Not Furnished,Empty
4.000.000 TRY,4000000.0,camlipinar,20-10-2025,2 + 1,1.0,"100 m2 
/ 95 m2",8 Storey,Ground,3 at Age,Combi Boiler,Floor Easement,Not Furnished,Owner
3.250.000 TRY,3250000.0,hurriyet,07-10-2025,2 + 1,1.0,"100 m2 
/ 90 m2",4 Storey,4.,30 at Age,Combi Boiler,Condominium,Not Furnished,Owner
3.500.000 TRY,3500000.0,firat,20-10-2025,3 + 1,1.0,"125 m2 
/ 120 m2",8 Storey,8.,31 at Age,Combi Boiler,Condominium,,Empty
4.200.000 TRY,4200000.0,ataturk,14-10-2025,3 + 1,1.0,"120 m2 
/ 100 m2",8 Storey,1.,21 at Age,No Heating,Condominium,Not Furnished,Tenanted
9.300.000 TRY,9300000.0,efeler,24-10-2025,3 + 1,1.0,"145 m2 
/ 120 m2",4 Storey,2.,7 at Age,Underfloor Heating,Floor Easement,Not Furnished,Tenanted
7.000.000 TRY,7000000.0,buca-koop,23-09-2025,3 + 1,1.0,"125 m2 
/ 120 m2",6 Storey,2.,12 at Age,Combi Boiler,Condominium,Not Furnished,Tenanted
3.800.000 TRY,3800000.0,efeler,06-10-2025,3 + 1,1.0,"110 m2 
/ 100 m2",4 Storey,2.,31 at Age,Air Conditioning,Condominium,Not Furnished,Tenanted
1.950.000 TRY,1950000.0,kurucesme,17-10-2025,1 + 1,1.0,"48 m2 
/ 42 m2",2 Storey,Raised Ground,5 at Age,Air Conditioning,Floor Easement,Furnished,Tenanted
3.000.000 TRY,3000000.0,adatepe,01-10-2025,1 + 1,1.0,"55 m2 
/ 50 m2",3 Storey,2.,New Property,Combi Boiler,Floor Easement,Not Furnished,Empty
3.700.000 TRY,3700000.0,akincilar,23-09-2025,2 + 1,1.0,"90 m2 
/ 75 m2",4 Storey,Garden,3 at Age,Combi Boiler,Floor Easement,Not Furnished,Empty
2.450.000 TRY,2450000.0,inonu,16-10-2025,2 + 1,1.0,"80 m2 
/ 75 m2",3 Storey,Raised Ground,New Property,Combi Boiler,Condominium,Not Furnished,Empty
3.890.000 TRY,3890000.0,mustafa-kemal,04-10-2025,2 + 1,1.0,"100 m2 
/ 90 m2",4 Storey,4.,1 at Age,Combi Boiler,Floor Easement,Not Furnished,Empty
5.799.000 TRY,5799000.0,laleli,04-09-2025,2 + 1,1.0,"210 m2 
/ 195 m2",5 Storey,Raised Ground,19 at Age,Combi Boiler,Floor Easement,Not Furnished,Owner
9.950.000 TRY,9950000.0,akincilar,20-10-2025,3 + 1,2.0,"165 m2 
/ 144 m2",9 Storey,2.,4 at Age,Underfloor Heating,Floor Easement,Not Furnished,Owner
9.000.000 TRY,9000000.0,camlikule,05-09-2025,3 + 1,1.0,"126 m2 
/ 120 m2",5 Storey,2.,7 at Age,Combi Boiler,Floor Easement,,Tenanted
2.800.000 TRY,2800000.0,yildiz,18-10-2025,1 + 1,1.0,"55 m2 
/ 51 m2",3 Storey,Ground,New Property,Combi Boiler,Floor Easement,Furnished,
5.250.000 TRY,5250000.0,yenigun,17-10-2025,3 + 1,1.0,"150 m2 
/ 140 m2",9 Storey,9.,16 at Age,Combi Boiler,Condominium,Not Furnished,
4.750.000 TRY,4750000.0,efeler,19-09-2025,2 + 1,1.0,"72 m2 
/ 65 m2",4 Storey,Middle,New Property,Combi Boiler,Floor Easement,Not Furnished,Empty
2.550.000 TRY,2550000.0,yaylacik,21-10-2025,1 + 1,1.0,"55 m2 
/ 50 m2",7 Storey,Raised Ground,New Property,Combi Boiler,Floor Easement,Not Furnished,Empty
1.215.000 TRY,1215000.0,ataturk,23-10-2025,1 + 1,1.0,"55 m2 
/ 50 m2",4 Storey,3.,1 at Age,Combi Boiler,Floor Easement,Furnished,Empty
3.975.000 TRY,3975000.0,laleli,15-10-2025,3 + 1,1.0,"135 m2 
/ 118 m2",5 Storey,3.,31 at Age,Combi Boiler,Floor Easement,Not Furnished,Empty
3.950.000 TRY,3950000.0,yildiz,20-10-2025,3 + 1,1.0,"110 m2 
/ 100 m2",5 Storey,Middle,30 at Age,Combi Boiler,Condominium,Not Furnished,Tenanted
2.350.000 TRY,2350000.0,yildiz,15-09-2025,1 + 1,1.0,"45 m2 
/ 40 m2",4 Storey,Ground,17 at Age,Combi Boiler,Condominium,Furnished,Empty
2.600.000 TRY,2600000.0,yigitler,29-09-2025,1 + 1,1.0,"80 m2 
/ 65 m2",5 Storey,Ground,16 at Age,Combi Boiler,Condominium,Not Furnished,Owner
2.795.000 TRY,2795000.0,adatepe,13-10-2025,1 + 1,1.0,"50 m2 
/ 45 m2",6 Storey,3.,1 at Age,Underfloor Heating,Floor Easement,Not Furnished,Empty
3.850.000 TRY,3850000.0,kozagac,09-10-2025,3 + 1,1.0,"125 m2 
/ 115 m2",4 Storey,2.,26 at Age,Combi Boiler,Condominium,Not Furnished,Owner
4.600.000 TRY,4600000.0,yildiz,05-10-2025,3 + 1,1.0,"138 m2 
/ 130 m2",4 Storey,3.,10 at Age,Combi Boiler,Floor Easement,Not Furnished,Owner
4.100.000 TRY,4100000.0,cumhuriyet,20-10-2025,3 + 1,1.0,"125 m2 
/ 115 m2",8 Storey,7.,26 at Age,Combi Boiler,Floor Easement,Not Furnished,Tenanted
3.300.000 TRY,3300000.0,efeler,20-10-2025,2 + 1,1.0,"125 m2 
/ 115 m2",4 Storey,4.,26 at Age,Combi Boiler,Floor Easement,Not Furnished,Empty
1.650.000 TRY,1650000.0,adatepe,16-10-2025,1 + 1,1.0,"58 m2 
/ 52 m2",3 Storey,2.,1 at Age,Combi Boiler,Condominium,Furnished,
2.900.000 TRY,2900000.0,adatepe,13-10-2025,1 + 1,1.0,"45 m2 
/ 40 m2",5 Storey,2.,New Property,Combi Boiler,Floor Easement,Not Furnished,Empty
4.350.000 TRY,4350000.0,kurucesme,08-10-2025,3 + 1,1.0,"115 m2 
/ 108 m2",9 Storey,Middle,23 at Age,Combi Boiler,Condominium,Not Furnished,Empty
3.790.000 TRY,3790000.0,ufuk,14-10-2025,2 + 1,1.0,"169 m2 
/ 120 m2",3 Storey,3.,26 at Age,Combi Boiler,Condominium,Not Furnished,Tenanted
4.250.000 TRY,4250000.0,guven,21-10-2025,1 + 1,1.0,"80 m2 
/ 70 m2",4 Storey,3.,30 at Age,Combi Boiler,Floor Easement,Not Furnished,Empty
7.000.000 TRY,7000000.0,dumlupinar,22-10-2025,3 + 1,1.0,"167 m2 
/ 160 m2",4 Storey,2.,16 at Age,Combi Boiler,Floor Easement,Not Furnished,Empty
3.000.000 TRY,3000000.0,adatepe,21-10-2025,1 + 1,1.0,"75 m2 
/ 55 m2",4 Storey,3.,1 at Age,Air Conditioning,Condominium,Furnished,Empty
2.300.000 TRY,2300000.0,ufuk,23-10-2025,2 + 1,1.0,"95 m2 
/ 90 m2",4 Storey,Basement,5 at Age,Combi Boiler,Floor Easement,Not Furnished,Owner
4.700.000 TRY,4700000.0,yildiz,19-09-2025,3 + 1,1.0,"130 m2 
/ 125 m2",8 Storey,6.,22 at Age,Combi Boiler,Condominium,Not Furnished,Owner
6.500.000 TRY,6500000.0,camlikule,18-10-2025,3 + 1,2.0,"185 m2 
/ 180 m2",4 Storey,2.,16 at Age,Combi Boiler,Condominium,Not Furnished,Owner
2.450.000 TRY,2450000.0,adatepe,23-10-2025,1 + 1,1.0,"60 m2 
/ 55 m2",3 Storey,Garden,1 at Age,Air Conditioning,Floor Easement,Furnished,Empty
4.200.000 TRY,4200000.0,akincilar,21-10-2025,2 + 1,1.0,"85 m2 
/ 76 m2",4 Storey,Raised Ground,New Property,Combi Boiler,Condominium,Not Furnished,Empty
2.050.000 TRY,2050000.0,kurucesme,22-09-2025,1 + 1,1.0,"55 m2 
/ 50 m2",6 Storey,2.,4 at Age,Combi Boiler,Condominium,Furnished,Empty
5.700.000 TRY,5700000.0,vali-rahmi-bey,18-10-2025,2 + 1,2.0,"90 m2 
/ 83 m2",3 Storey,2.,8 at Age,Combi Boiler,Floor Easement,Not Furnished,Empty
3.600.000 TRY,3600000.0,menderes,09-10-2025,3 + 1,1.0,"120 m2 
/ 100 m2",4 Storey,Penthouse,26 at Age,Combi Boiler,Floor Easement,Not Furnished,Owner
2.580.000 TRY,2580000.0,ataturk,10-09-2025,1 + 1,1.0,"55 m2 
/ 50 m2",3 Storey,2.,New Property,Combi Boiler,Condominium,Not Furnished,Tenanted
4.850.000 TRY,4850000.0,firat,18-10-2025,3 + 1,2.0,"130 m2 
/ 125 m2",2 Storey,Middle,8 at Age,Combi Boiler,Condominium,Not Furnished,Empty
1.900.000 TRY,1900000.0,adatepe,13-10-2025,1 + 1,1.0,"50 m2 
/ 45 m2",4 Storey,Middle,3 at Age,Combi Boiler,Floor Easement,Furnished,Empty
8.250.000 TRY,8250000.0,kozagac,29-09-2025,3 + 1,1.0,"160 m2 
/ 145 m2",3 Storey,3.,15 at Age,Combi Boiler,Floor Easement,Not Furnished,Empty
3.530.000 TRY,3530000.0,kozagac,09-10-2025,3 + 1,1.0,"110 m2 
/ 100 m2",4 Storey,Underground 1,10 at Age,Combi Boiler,Floor Easement,Not Furnished,Empty
1.975.000 TRY,1975000.0,kozagac,23-10-2025,1 + 1,1.0,"55 m2 
/ 50 m2",3 Storey,3.,16 at Age,Combi Boiler,Condominium,Not Furnished,Empty
2.500.000 TRY,2500000.0,yaylacik,06-10-2025,2 + 1,1.0,"95 m2 
/ 90 m2",4 Storey,Top,35 at Age,Combi Boiler,Floor Easement,Not Furnished,Tenanted
1.150.000 TRY,1150000.0,ataturk,18-10-2025,1 + 1,1.0,"55 m2 
/ 50 m2",4 Storey,2.,1 at Age,Combi Boiler,Condominium,Furnished,Empty
3.999.000 TRY,3999000.0,baris,24-10-2025,3 + 1,1.0,"130 m2 
/ 120 m2",4 Storey,4.,20 at Age,Combi Boiler,Condominium,Not Furnished,Empty
2.150.000 TRY,2150000.0,ataturk,11-09-2025,1 + 1,1.0,"55 m2 
/ 50 m2",3 Storey,Garden,5 at Age,Combi Boiler,Floor Easement,Furnished,Tenanted
3.975.000 TRY,3975000.0,laleli,15-10-2025,3 + 1,1.0,"141 m2 
/ 118 m2",5 Storey,3.,35 at Age,Unspecified,Condominium,,
8.500.000 TRY,8500000.0,inkilap,09-10-2025,3 + 1,1.0,"170 m2 
/ 145 m2",3 Storey,3.,26 at Age,Combi Boiler,Floor Easement,Not Furnished,Empty
5.200.000 TRY,5200000.0,izkent,10-10-2025,1 + 1,1.0,"60 m2 
/ 50 m2",10 Storey,6.,New Property,Central Heating (Share Meter),Floor Easement,Not Furnished,Empty
7.250.000 TRY,7250000.0,yigitler,14-10-2025,3 + 1,1.0,"125 m2 
/ 120 m2",5 Storey,3.,21 at Age,Combi Boiler,Floor Easement,Not Furnished,Tenanted
3.750.000 TRY,3750000.0,kozagac,19-10-2025,3 + 1,1.0,"140 m2 
/ 130 m2",6 Storey,1.,11 at Age,Combi Boiler,Floor Easement,Not Furnished,Empty
2.375.000 TRY,2375000.0,buca-koop,15-10-2025,1 + 1,1.0,"55 m2 
/ 50 m2",3 Storey,Middle,4 at Age,Combi Boiler,Condominium,Furnished,Tenanted
2.450.000 TRY,2450000.0,adatepe,21-10-2025,1 + 1,1.0,"66 m2 
/ 55 m2",2 Storey,2.,4 at Age,Air Conditioning,Floor Easement,Furnished,Tenanted
3.200.000 TRY,3200000.0,yigitler,10-10-2025,3 + 1,1.0,"140 m2 
/ 130 m2",3 Storey,3.,21 at Age,Combi Boiler,Floor Easement,Not Furnished,Empty
5.000.000 TRY,5000000.0,camlikule,23-10-2025,3 + 1,2.0,"120 m2 
/ 90 m2",4 Storey,4.,3 at Age,Combi Boiler,Condominium,Not Furnished,Empty
2.850.000 TRY,2850000.0,hurriyet,18-10-2025,1 + 1,1.0,"50 m2 
/ 45 m2",4 Storey,2.,1 at Age,Combi Boiler,Floor Easement,Not Furnished,Empty
2.100.000 TRY,2100000.0,camlikule,01-08-2025,2 + 1,1.0,"100 m2 
/ 90 m2",3 Storey,Underground 1,5 at Age,Combi Boiler,Condominium,Not Furnished,Empty
5.500.000 TRY,5500000.0,hurriyet,03-10-2025,3 + 1,2.0,"130 m2 
/ 120 m2",4 Storey,1.,11 at Age,Combi Boiler,Floor Easement,Not Furnished,Tenanted
3.200.000 TRY,3200000.0,ataturk,19-10-2025,2 + 1,1.0,"90 m2 
/ 80 m2",4 Storey,2.,New Property,Air Conditioning,Condominium,Furnished,Empty
4.650.000 TRY,4650000.0,yenigun,04-10-2025,3 + 1,1.0,"130 m2 
/ 125 m2",7 Storey,4.,20 at Age,Combi Boiler,Condominium,Not Furnished,Tenanted
2.050.000 TRY,2050000.0,adatepe,17-10-2025,1 + 1,1.0,"45 m2 
/ 40 m2",4 Storey,Ground,5 at Age,Combi Boiler,Floor Easement,Furnished,Tenanted
4.500.000 TRY,4500000.0,adatepe,20-10-2025,3 + 1,1.0,"150 m2 
/ 135 m2",2 Storey,2.,New Property,Combi Boiler,Floor Easement,Not Furnished,Empty
5.250.000 TRY,5250000.0,yigitler,24-08-2025,3 + 1,1.0,"140 m2 
/ 125 m2",4 Storey,2.,26 at Age,Combi Boiler,Floor Easement,Not Furnished,Owner
2.350.000 TRY,2350000.0,laleli,22-10-2025,2 + 1,1.0,"115 m2 
/ 75 m2",4 Storey,Basement and Ground,30 at Age,Combi Boiler,Floor Easement,Not Furnished,Empty
2.580.000 TRY,2580000.0,hurriyet,14-08-2025,1 + 1,1.0,"52 m2 
/ 44 m2",4 Storey,Raised Ground,4 at Age,Combi Boiler,Floor Easement,Not Furnished,Empty
6.850.000 TRY,6850000.0,yesilbaglar,17-09-2025,3 + 1,2.0,"160 m2 
/ 140 m2",8 Storey,4.,1 at Age,Combi Boiler,Floor Easement,Not Furnished,Owner
4.950.000 TRY,4950000.0,izkent,23-10-2025,2 + 1,1.0,"72 m2 
/ 59 m2",9 Storey,7.,New Property,Central Heating (Share Meter),Floor Easement,Not Furnished,Empty
3.000.000 TRY,3000000.0,kurucesme,03-10-2025,1 + 1,1.0,"60 m2 
/ 50 m2",4 Storey,4.,5 at Age,Combi Boiler,Floor Easement,Not Furnished,Owner
11.000.000 TRY,11000000.0,inkilap,11-10-2025,3 + 1,2.0,"140 m2 
/ 135 m2",4 Storey,1.,New Property,Combi Boiler,Floor Easement,Not Furnished,Empty
3.500.000 TRY,3500000.0,baris,14-10-2025,2 + 1,2.0,"100 m2 
/ 90 m2",4 Storey,3.,20 at Age,Combi Boiler,Floor Easement,Not Furnished,Empty
4.750.000 TRY,4750000.0,kozagac,28-07-2025,2 + 1,1.0,"115 m2 
/ 110 m2",4 Storey,2.,New Property,Underfloor Heating,Floor Easement,Not Furnished,Empty
2.500.000 TRY,2500000.0,kurucesme,20-09-2025,1 + 1,1.0,"44 m2 
/ 40 m2",9 Storey,Ground,6 at Age,Combi Boiler,Floor Easement,Furnished,Tenanted
6.900.000 TRY,6900000.0,ataturk,25-10-2025,3 + 1,2.0,"140 m2 
/ 135 m2",10 Storey,2.,5 at Age,Combi Boiler,Condominium,Not Furnished,Tenanted
3.500.000 TRY,3500000.0,kurucesme,14-10-2025,2 + 1,2.0,"100 m2 
/ 90 m2",2 Storey,Raised Ground,New Property,Combi Boiler,Floor Easement,Not Furnished,Empty
3.950.000 TRY,3950000.0,kozagac,21-10-2025,3 + 1,1.0,"130 m2 
/ 120 m2",3 Storey,2.,28 at Age,Combi Boiler,Condominium,Not Furnished,
4.350.000 TRY,4350000.0,dumlupinar,04-09-2025,2 + 1,1.0,"65 m2 
/ 60 m2",4 Storey,4.,New Property,Combi Boiler,Floor Easement,Not Furnished,Empty
4.450.000 TRY,4450000.0,menderes,15-10-2025,3 + 1,1.0,"110 m2 
/ 104 m2",4 Storey,2.,30 at Age,Combi Boiler,Condominium,Furnished,Empty
2.750.000 TRY,2750000.0,inkilap,02-10-2025,3 + 1,1.0,"125 m2 
/ 120 m2",4 Storey,Ground,35 at Age,Combi Boiler,Floor Easement,,Tenanted
4.500.000 TRY,4500000.0,baris,22-08-2025,3 + 1,1.0,"125 m2 
/ 120 m2",4 Storey,4.,30 at Age,Combi Boiler,Condominium,Not Furnished,
2.950.000 TRY,2950000.0,dicle,23-10-2025,2 + 1,1.0,"120 m2 
/ 88 m2",4 Storey,Raised Ground,23 at Age,Combi Boiler,Floor Easement,Not Furnished,Owner
3.750.000 TRY,3750000.0,kozagac,05-10-2025,3 + 1,1.0,"120 m2 
/ 110 m2",4 Storey,2.,26 at Age,Combi Boiler,Floor Easement,Not Furnished,Empty
3.850.000 TRY,3850000.0,hurriyet,13-08-2025,2 + 1,1.0,"70 m2 
/ 65 m2",4 Storey,Middle,New Property,Combi Boiler,Floor Easement,Not Furnished,Empty
3.850.000 TRY,3850000.0,hurriyet,14-08-2025,2 + 1,1.0,"70 m2 
/ 65 m2",4 Storey,3.,New Property,Combi Boiler,Floor Easement,Not Furnished,Empty
2.850.000 TRY,2850000.0,hurriyet,13-08-2025,1 + 1,1.0,"50 m2 
/ 48 m2",4 Storey,Middle,New Property,Combi Boiler,Floor Easement,Not Furnished,Empty
2.495.000 TRY,2495000.0,adatepe,11-10-2025,1 + 1,1.0,"58 m2 
/ 52 m2",2 Storey,2.,5 at Age,Combi Boiler,Floor Easement,Furnished,Empty
6.900.000 TRY,6900000.0,yenigun,23-09-2025,3 + 1,2.0,"135 m2 
/ 120 m2",8 Storey,8.,16 at Age,Combi Boiler,Floor Easement,Not Furnished,Owner
4.250.000 TRY,4250000.0,menderes,20-10-2025,3 + 1,1.0,"135 m2 
/ 125 m2",4 Storey,4.,21 at Age,Combi Boiler,Condominium,Not Furnished,Empty
3.200.000 TRY,3200000.0,kozagac,18-10-2025,2 + 1,1.0,"70 m2 
/ 60 m2",4 Storey,2.,2 at Age,Combi Boiler,Floor Easement,Not Furnished,Tenanted
5.250.000 TRY,5250000.0,menderes,15-09-2025,2 + 1,1.0,"83 m2 
/ 81 m2",4 Storey,Raised Ground,5 at Age,Combi Boiler,Floor Easement,Not Furnished,Tenanted
4.850.000 TRY,4850000.0,dicle,09-10-2025,2 + 1,1.0,"120 m2 
/ 110 m2",4 Storey,4.,New Property,Combi Boiler,Floor Easement,Not Furnished,Empty
4.000.000 TRY,4000000.0,firat,10-10-2025,3 + 1,1.0,"130 m2 
/ 115 m2",5 Storey,3.,25 at Age,Combi Boiler,Floor Easement,Not Furnished,Tenanted
3.900.000 TRY,3900000.0,akincilar,18-08-2025,3 + 1,1.0,"145 m2 
/ 135 m2",4 Storey,4.,26 at Age,Combi Boiler,Floor Easement,Not Furnished,Owner
3.150.000 TRY,3150000.0,inonu,13-08-2025,2 + 1,1.0,"166 m2 
/ 140 m2",4 Storey,4.,26 at Age,Combi Boiler,Condominium,Not Furnished,Tenanted
2.550.000 TRY,2550000.0,ataturk,18-10-2025,1 + 1,1.0,"48 m2 
/ 45 m2",4 Storey,2.,5 at Age,Air Conditioning,Floor Easement,Furnished,Tenanted
4.400.000 TRY,4400000.0,akincilar,04-09-2025,3 + 1,1.0,"145 m2 
/ 135 m2",4 Storey,2.,31 at Age,Combi Boiler,Floor Easement,Not Furnished,Owner
6.000.000 TRY,6000000.0,yildiz,17-10-2025,2 + 1,2.0,"100 m2 
/ 90 m2",10 Storey,7.,New Property,Combi Boiler,Floor Easement,Not Furnished,Empty
5.000.000 TRY,5000000.0,baris,04-10-2025,2 + 1,1.0,"90 m2 
/ 80 m2",3 Storey,Raised Ground,New Property,Combi Boiler,Floor Easement,Not Furnished,Empty
3.300.000 TRY,3300000.0,kurucesme,14-10-2025,1 + 1,1.0,"50 m2 
/ 40 m2",4 Storey,3.,New Property,Underfloor Heating,Floor Easement,Not Furnished,Empty
5.500.000 TRY,5500000.0,camlipinar,19-09-2025,2 + 1,2.0,"90 m2 
/ 82 m2",11 Storey,7.,New Property,Underfloor Heating,Floor Easement,Not Furnished,Empty
4.275.000 TRY,4275000.0,menderes,15-10-2025,2 + 1,1.0,"135 m2 
/ 105 m2",3 Storey,2.,New Property,Combi Boiler,Floor Easement,Not Furnished,Empty
5.450.000 TRY,5450000.0,yenigun,23-10-2025,3 + 1,2.0,"135 m2 
/ 125 m2",9 Storey,1.,9 at Age,Central Heating (Share Meter),Floor Easement,Not Furnished,
5.950.000 TRY,5950000.0,dicle,21-08-2025,3 + 1,2.0,"148 m2 
/ 137 m2",4 Storey,2.,New Property,Underfloor Heating,Condominium,Not Furnished,Empty
4.000.000 TRY,4000000.0,yildiz,07-10-2025,3 + 1,2.0,"130 m2 
/ 120 m2",8 Storey,2.,16 at Age,Gas Stove,Condominium,,Owner
2.750.000 TRY,2750000.0,laleli,05-09-2025,3 + 1,1.0,"120 m2 
/ 118 m2",5 Storey,Ground,28 at Age,Combi Boiler,Floor Easement,Not Furnished,Owner
